"train/global_step","glad-glitter-9 - train/sequence_loss","glad-glitter-9 - train/sequence_loss__MIN","glad-glitter-9 - train/sequence_loss__MAX","glad-glitter-9 - _step","glad-glitter-9 - _step__MIN","glad-glitter-9 - _step__MAX","sleek-moon-7 - train/sequence_loss","sleek-moon-7 - train/sequence_loss__MIN","sleek-moon-7 - train/sequence_loss__MAX","sleek-moon-7 - _step","sleek-moon-7 - _step__MIN","sleek-moon-7 - _step__MAX","magic-universe-6 - train/sequence_loss","magic-universe-6 - train/sequence_loss__MIN","magic-universe-6 - train/sequence_loss__MAX","magic-universe-6 - _step","magic-universe-6 - _step__MIN","magic-universe-6 - _step__MAX","visionary-oath-5 - train/sequence_loss","visionary-oath-5 - train/sequence_loss__MIN","visionary-oath-5 - train/sequence_loss__MAX","visionary-oath-5 - _step","visionary-oath-5 - _step__MIN","visionary-oath-5 - _step__MAX"
"0","0","0","0","1","1","1","0","0","0","1","1","1","","","","","","","","","","","",""
"1","","","","","","","","","","","","","3.228025197982788","3.228025197982788","3.228025197982788","2","2","2","3.4259908199310303","3.4259908199310303","3.4259908199310303","2","2","2"
"10","","","","","","","","","","","","","3.4520674811469183","3.4520674811469183","3.4520674811469183","4","4","4","3.5270453559027777","3.5270453559027777","3.5270453559027777","4","4","4"
"20","","","","","","","","","","","","","3.460194396972656","3.460194396972656","3.460194396972656","6","6","6","3.4609294891357423","3.4609294891357423","3.4609294891357423","6","6","6"
"30","","","","","","","","","","","","","3.4929889678955077","3.4929889678955077","3.4929889678955077","8","8","8","3.4511234283447267","3.4511234283447267","3.4511234283447267","8","8","8"
"40","","","","","","","","","","","","","3.4212486267089846","3.4212486267089846","3.4212486267089846","10","10","10","3.5368927001953123","3.5368927001953123","3.5368927001953123","10","10","10"
"50","","","","","","","","","","","","","3.3817596435546875","3.3817596435546875","3.3817596435546875","12","12","12","3.480731964111328","3.480731964111328","3.480731964111328","12","12","12"
"60","","","","","","","","","","","","","3.372353744506836","3.372353744506836","3.372353744506836","14","14","14","3.3546688079833986","3.3546688079833986","3.3546688079833986","14","14","14"
"70","","","","","","","","","","","","","3.3919910430908202","3.3919910430908202","3.3919910430908202","16","16","16","3.4017993927001955","3.4017993927001955","3.4017993927001955","16","16","16"
"80","","","","","","","","","","","","","3.3869709014892577","3.3869709014892577","3.3869709014892577","18","18","18","3.363974380493164","3.363974380493164","3.363974380493164","18","18","18"
"90","","","","","","","","","","","","","3.285662078857422","3.285662078857422","3.285662078857422","20","20","20","3.2805309295654297","3.2805309295654297","3.2805309295654297","20","20","20"
"100","","","","","","","","","","","","","3.4314998626708983","3.4314998626708983","3.4314998626708983","22","22","22","3.3460128784179686","3.3460128784179686","3.3460128784179686","22","22","22"
"110","","","","","","","","","","","","","3.3517478942871093","3.3517478942871093","3.3517478942871093","24","24","24","3.347545623779297","3.347545623779297","3.347545623779297","24","24","24"
"120","","","","","","","","","","","","","3.3723350524902345","3.3723350524902345","3.3723350524902345","26","26","26","3.411549758911133","3.411549758911133","3.411549758911133","26","26","26"
"130","","","","","","","","","","","","","3.2772750854492188","3.2772750854492188","3.2772750854492188","28","28","28","3.3472274780273437","3.3472274780273437","3.3472274780273437","28","28","28"
"140","","","","","","","","","","","","","3.343951416015625","3.343951416015625","3.343951416015625","30","30","30","3.3056877136230467","3.3056877136230467","3.3056877136230467","30","30","30"
"150","","","","","","","","","","","","","3.266595458984375","3.266595458984375","3.266595458984375","32","32","32","3.313578796386719","3.313578796386719","3.313578796386719","32","32","32"
"160","","","","","","","","","","","","","3.273466873168945","3.273466873168945","3.273466873168945","34","34","34","3.218653106689453","3.218653106689453","3.218653106689453","34","34","34"
"170","","","","","","","","","","","","","3.258340835571289","3.258340835571289","3.258340835571289","36","36","36","3.2682926177978517","3.2682926177978517","3.2682926177978517","36","36","36"
"180","","","","","","","","","","","","","3.2774124145507812","3.2774124145507812","3.2774124145507812","38","38","38","3.267020034790039","3.267020034790039","3.267020034790039","38","38","38"
"190","","","","","","","","","","","","","3.2795230865478517","3.2795230865478517","3.2795230865478517","40","40","40","3.3110706329345705","3.3110706329345705","3.3110706329345705","40","40","40"
"200","","","","","","","","","","","","","3.2539344787597657","3.2539344787597657","3.2539344787597657","42","42","42","3.261102294921875","3.261102294921875","3.261102294921875","42","42","42"
"210","","","","","","","","","","","","","3.230091094970703","3.230091094970703","3.230091094970703","44","44","44","3.2851398468017576","3.2851398468017576","3.2851398468017576","44","44","44"
"220","","","","","","","","","","","","","3.19457950592041","3.19457950592041","3.19457950592041","46","46","46","3.178984260559082","3.178984260559082","3.178984260559082","46","46","46"
"230","","","","","","","","","","","","","3.1296768188476562","3.1296768188476562","3.1296768188476562","48","48","48","3.358903503417969","3.358903503417969","3.358903503417969","48","48","48"
"240","","","","","","","","","","","","","3.281616973876953","3.281616973876953","3.281616973876953","50","50","50","3.359647750854492","3.359647750854492","3.359647750854492","50","50","50"
"250","","","","","","","","","","","","","3.263492202758789","3.263492202758789","3.263492202758789","52","52","52","3.264921951293945","3.264921951293945","3.264921951293945","52","52","52"
"260","","","","","","","","","","","","","3.2513378143310545","3.2513378143310545","3.2513378143310545","54","54","54","","","","","",""
"270","","","","","","","","","","","","","3.327478790283203","3.327478790283203","3.327478790283203","56","56","56","","","","","",""
"280","","","","","","","","","","","","","3.279798889160156","3.279798889160156","3.279798889160156","58","58","58","","","","","",""
"290","","","","","","","","","","","","","3.227985382080078","3.227985382080078","3.227985382080078","60","60","60","","","","","",""
"300","","","","","","","","","","","","","3.2723392486572265","3.2723392486572265","3.2723392486572265","62","62","62","","","","","",""
"310","","","","","","","","","","","","","3.2183250427246093","3.2183250427246093","3.2183250427246093","64","64","64","","","","","",""
"320","","","","","","","","","","","","","3.2400108337402345","3.2400108337402345","3.2400108337402345","66","66","66","","","","","",""
"330","","","","","","","","","","","","","3.304129791259766","3.304129791259766","3.304129791259766","68","68","68","","","","","",""
"340","","","","","","","","","","","","","3.2697593688964846","3.2697593688964846","3.2697593688964846","70","70","70","","","","","",""
"350","","","","","","","","","","","","","3.2196495056152346","3.2196495056152346","3.2196495056152346","72","72","72","","","","","",""
"360","","","","","","","","","","","","","3.1856361389160157","3.1856361389160157","3.1856361389160157","74","74","74","","","","","",""
"370","","","","","","","","","","","","","3.304094696044922","3.304094696044922","3.304094696044922","76","76","76","","","","","",""
"380","","","","","","","","","","","","","3.2134120941162108","3.2134120941162108","3.2134120941162108","78","78","78","","","","","",""
"390","","","","","","","","","","","","","3.2331756591796874","3.2331756591796874","3.2331756591796874","80","80","80","","","","","",""
"400","","","","","","","","","","","","","3.202976608276367","3.202976608276367","3.202976608276367","82","82","82","","","","","",""
"410","","","","","","","","","","","","","3.2634609222412108","3.2634609222412108","3.2634609222412108","84","84","84","","","","","",""
"420","","","","","","","","","","","","","3.2306453704833986","3.2306453704833986","3.2306453704833986","86","86","86","","","","","",""
"430","","","","","","","","","","","","","3.192137336730957","3.192137336730957","3.192137336730957","88","88","88","","","","","",""
"440","","","","","","","","","","","","","3.200307846069336","3.200307846069336","3.200307846069336","90","90","90","","","","","",""
"450","","","","","","","","","","","","","3.2084964752197265","3.2084964752197265","3.2084964752197265","92","92","92","","","","","",""
"460","","","","","","","","","","","","","3.2873920440673827","3.2873920440673827","3.2873920440673827","94","94","94","","","","","",""
"470","","","","","","","","","","","","","3.183315658569336","3.183315658569336","3.183315658569336","96","96","96","","","","","",""
"480","","","","","","","","","","","","","3.2174896240234374","3.2174896240234374","3.2174896240234374","98","98","98","","","","","",""
"490","","","","","","","","","","","","","3.154165840148926","3.154165840148926","3.154165840148926","100","100","100","","","","","",""
"500","","","","","","","","","","","","","0","0","0","103","103","103","","","","","",""
"510","","","","","","","","","","","","","3.156157684326172","3.156157684326172","3.156157684326172","105","105","105","","","","","",""
"520","","","","","","","","","","","","","3.2864711761474608","3.2864711761474608","3.2864711761474608","107","107","107","","","","","",""
"530","","","","","","","","","","","","","3.185456085205078","3.185456085205078","3.185456085205078","109","109","109","","","","","",""
"540","","","","","","","","","","","","","3.142414093017578","3.142414093017578","3.142414093017578","111","111","111","","","","","",""
"550","","","","","","","","","","","","","3.224211502075195","3.224211502075195","3.224211502075195","113","113","113","","","","","",""
"560","","","","","","","","","","","","","3.2412082672119142","3.2412082672119142","3.2412082672119142","115","115","115","","","","","",""
"570","","","","","","","","","","","","","3.2611129760742186","3.2611129760742186","3.2611129760742186","117","117","117","","","","","",""
"580","","","","","","","","","","","","","3.2765056610107424","3.2765056610107424","3.2765056610107424","119","119","119","","","","","",""
"590","","","","","","","","","","","","","3.167789268493652","3.167789268493652","3.167789268493652","121","121","121","","","","","",""
"600","","","","","","","","","","","","","3.193355941772461","3.193355941772461","3.193355941772461","123","123","123","","","","","",""
"610","","","","","","","","","","","","","3.208603286743164","3.208603286743164","3.208603286743164","125","125","125","","","","","",""
"620","","","","","","","","","","","","","3.2556182861328127","3.2556182861328127","3.2556182861328127","127","127","127","","","","","",""
"630","","","","","","","","","","","","","3.1736602783203125","3.1736602783203125","3.1736602783203125","129","129","129","","","","","",""
"640","","","","","","","","","","","","","3.226607894897461","3.226607894897461","3.226607894897461","131","131","131","","","","","",""
"650","","","","","","","","","","","","","3.240133285522461","3.240133285522461","3.240133285522461","133","133","133","","","","","",""
"660","","","","","","","","","","","","","3.1966854095458985","3.1966854095458985","3.1966854095458985","135","135","135","","","","","",""
"670","","","","","","","","","","","","","3.1724151611328124","3.1724151611328124","3.1724151611328124","137","137","137","","","","","",""
"680","","","","","","","","","","","","","3.241029739379883","3.241029739379883","3.241029739379883","139","139","139","","","","","",""
"690","","","","","","","","","","","","","3.19107666015625","3.19107666015625","3.19107666015625","141","141","141","","","","","",""
"700","","","","","","","","","","","","","3.238327407836914","3.238327407836914","3.238327407836914","143","143","143","","","","","",""
"710","","","","","","","","","","","","","3.1332418441772463","3.1332418441772463","3.1332418441772463","145","145","145","","","","","",""
"720","","","","","","","","","","","","","3.2092700958251954","3.2092700958251954","3.2092700958251954","147","147","147","","","","","",""
"730","","","","","","","","","","","","","3.1742136001586916","3.1742136001586916","3.1742136001586916","149","149","149","","","","","",""
"740","","","","","","","","","","","","","3.2110939025878906","3.2110939025878906","3.2110939025878906","151","151","151","","","","","",""
"750","","","","","","","","","","","","","3.1937240600585937","3.1937240600585937","3.1937240600585937","153","153","153","","","","","",""
"760","","","","","","","","","","","","","3.167378234863281","3.167378234863281","3.167378234863281","155","155","155","","","","","",""
"770","","","","","","","","","","","","","3.1951356887817384","3.1951356887817384","3.1951356887817384","157","157","157","","","","","",""
"780","","","","","","","","","","","","","3.218361663818359","3.218361663818359","3.218361663818359","159","159","159","","","","","",""
"790","","","","","","","","","","","","","3.2172920227050783","3.2172920227050783","3.2172920227050783","161","161","161","","","","","",""
"800","","","","","","","","","","","","","3.175762748718262","3.175762748718262","3.175762748718262","163","163","163","","","","","",""
"810","","","","","","","","","","","","","3.248086929321289","3.248086929321289","3.248086929321289","165","165","165","","","","","",""
"820","","","","","","","","","","","","","3.1792287826538086","3.1792287826538086","3.1792287826538086","167","167","167","","","","","",""
"830","","","","","","","","","","","","","3.2666492462158203","3.2666492462158203","3.2666492462158203","169","169","169","","","","","",""
"840","","","","","","","","","","","","","3.1650033950805665","3.1650033950805665","3.1650033950805665","171","171","171","","","","","",""
"850","","","","","","","","","","","","","3.1994602203369142","3.1994602203369142","3.1994602203369142","173","173","173","","","","","",""
"860","","","","","","","","","","","","","3.1780166625976562","3.1780166625976562","3.1780166625976562","175","175","175","","","","","",""
"870","","","","","","","","","","","","","3.1410682678222654","3.1410682678222654","3.1410682678222654","177","177","177","","","","","",""
"880","","","","","","","","","","","","","3.2417797088623046","3.2417797088623046","3.2417797088623046","179","179","179","","","","","",""
"890","","","","","","","","","","","","","3.208910369873047","3.208910369873047","3.208910369873047","181","181","181","","","","","",""
"900","","","","","","","","","","","","","3.1201156616210937","3.1201156616210937","3.1201156616210937","183","183","183","","","","","",""
"910","","","","","","","","","","","","","3.2075515747070313","3.2075515747070313","3.2075515747070313","185","185","185","","","","","",""
"920","","","","","","","","","","","","","3.184940147399902","3.184940147399902","3.184940147399902","187","187","187","","","","","",""
"930","","","","","","","","","","","","","3.191668891906738","3.191668891906738","3.191668891906738","189","189","189","","","","","",""
"940","","","","","","","","","","","","","3.1976484298706054","3.1976484298706054","3.1976484298706054","191","191","191","","","","","",""
"950","","","","","","","","","","","","","3.200267028808594","3.200267028808594","3.200267028808594","193","193","193","","","","","",""
"960","","","","","","","","","","","","","3.1094812393188476","3.1094812393188476","3.1094812393188476","195","195","195","","","","","",""
"970","","","","","","","","","","","","","3.167946624755859","3.167946624755859","3.167946624755859","197","197","197","","","","","",""
"980","","","","","","","","","","","","","3.1677791595458986","3.1677791595458986","3.1677791595458986","199","199","199","","","","","",""
"990","","","","","","","","","","","","","3.202132797241211","3.202132797241211","3.202132797241211","201","201","201","","","","","",""
"1000","","","","","","","","","","","","","0","0","0","204","204","204","","","","","",""
"1010","","","","","","","","","","","","","3.169524002075195","3.169524002075195","3.169524002075195","206","206","206","","","","","",""
"1020","","","","","","","","","","","","","3.2150901794433593","3.2150901794433593","3.2150901794433593","208","208","208","","","","","",""
"1030","","","","","","","","","","","","","3.2112186431884764","3.2112186431884764","3.2112186431884764","210","210","210","","","","","",""
"1040","","","","","","","","","","","","","3.1141910552978516","3.1141910552978516","3.1141910552978516","212","212","212","","","","","",""
"1050","","","","","","","","","","","","","3.24749870300293","3.24749870300293","3.24749870300293","214","214","214","","","","","",""
"1060","","","","","","","","","","","","","3.2090320587158203","3.2090320587158203","3.2090320587158203","216","216","216","","","","","",""
"1070","","","","","","","","","","","","","3.1541553497314454","3.1541553497314454","3.1541553497314454","218","218","218","","","","","",""
"1080","","","","","","","","","","","","","3.2209098815917967","3.2209098815917967","3.2209098815917967","220","220","220","","","","","",""
"1090","","","","","","","","","","","","","3.1484283447265624","3.1484283447265624","3.1484283447265624","222","222","222","","","","","",""
"1100","","","","","","","","","","","","","3.199581527709961","3.199581527709961","3.199581527709961","224","224","224","","","","","",""
"1110","","","","","","","","","","","","","3.2009815216064452","3.2009815216064452","3.2009815216064452","226","226","226","","","","","",""
"1120","","","","","","","","","","","","","3.170574188232422","3.170574188232422","3.170574188232422","228","228","228","","","","","",""
"1130","","","","","","","","","","","","","3.233591079711914","3.233591079711914","3.233591079711914","230","230","230","","","","","",""
"1140","","","","","","","","","","","","","3.125829315185547","3.125829315185547","3.125829315185547","232","232","232","","","","","",""
"1150","","","","","","","","","","","","","3.2570175170898437","3.2570175170898437","3.2570175170898437","234","234","234","","","","","",""
"1160","","","","","","","","","","","","","3.174348068237305","3.174348068237305","3.174348068237305","236","236","236","","","","","",""
"1170","","","","","","","","","","","","","3.176557731628418","3.176557731628418","3.176557731628418","238","238","238","","","","","",""
"1180","","","","","","","","","","","","","3.211957550048828","3.211957550048828","3.211957550048828","240","240","240","","","","","",""
"1190","","","","","","","","","","","","","3.202799606323242","3.202799606323242","3.202799606323242","242","242","242","","","","","",""
"1200","","","","","","","","","","","","","3.2000885009765625","3.2000885009765625","3.2000885009765625","244","244","244","","","","","",""
"1210","","","","","","","","","","","","","3.2147327423095704","3.2147327423095704","3.2147327423095704","246","246","246","","","","","",""
"1220","","","","","","","","","","","","","3.1920192718505858","3.1920192718505858","3.1920192718505858","248","248","248","","","","","",""
"1230","","","","","","","","","","","","","3.251485061645508","3.251485061645508","3.251485061645508","250","250","250","","","","","",""
"1240","","","","","","","","","","","","","3.1990123748779298","3.1990123748779298","3.1990123748779298","252","252","252","","","","","",""
"1250","","","","","","","","","","","","","3.209646224975586","3.209646224975586","3.209646224975586","254","254","254","","","","","",""
"1260","","","","","","","","","","","","","3.203450393676758","3.203450393676758","3.203450393676758","256","256","256","","","","","",""
"1270","","","","","","","","","","","","","3.1156993865966798","3.1156993865966798","3.1156993865966798","258","258","258","","","","","",""
"1280","","","","","","","","","","","","","3.2114795684814452","3.2114795684814452","3.2114795684814452","260","260","260","","","","","",""
"1290","","","","","","","","","","","","","3.2514949798583985","3.2514949798583985","3.2514949798583985","262","262","262","","","","","",""
"1300","","","","","","","","","","","","","3.174209403991699","3.174209403991699","3.174209403991699","264","264","264","","","","","",""
"1310","","","","","","","","","","","","","3.179108428955078","3.179108428955078","3.179108428955078","266","266","266","","","","","",""
"1320","","","","","","","","","","","","","3.2362865447998046","3.2362865447998046","3.2362865447998046","268","268","268","","","","","",""
"1330","","","","","","","","","","","","","3.2562892913818358","3.2562892913818358","3.2562892913818358","270","270","270","","","","","",""
"1340","","","","","","","","","","","","","3.1777746200561525","3.1777746200561525","3.1777746200561525","272","272","272","","","","","",""
"1350","","","","","","","","","","","","","3.1821556091308594","3.1821556091308594","3.1821556091308594","274","274","274","","","","","",""
"1360","","","","","","","","","","","","","3.1733366012573243","3.1733366012573243","3.1733366012573243","276","276","276","","","","","",""
"1370","","","","","","","","","","","","","3.252930450439453","3.252930450439453","3.252930450439453","278","278","278","","","","","",""
"1380","","","","","","","","","","","","","3.178739547729492","3.178739547729492","3.178739547729492","280","280","280","","","","","",""
"1390","","","","","","","","","","","","","3.1972118377685548","3.1972118377685548","3.1972118377685548","282","282","282","","","","","",""
"1400","","","","","","","","","","","","","3.2089061737060547","3.2089061737060547","3.2089061737060547","284","284","284","","","","","",""
"1410","","","","","","","","","","","","","3.171384811401367","3.171384811401367","3.171384811401367","286","286","286","","","","","",""
"1420","","","","","","","","","","","","","3.2568294525146486","3.2568294525146486","3.2568294525146486","288","288","288","","","","","",""
"1430","","","","","","","","","","","","","3.2036415100097657","3.2036415100097657","3.2036415100097657","290","290","290","","","","","",""
"1440","","","","","","","","","","","","","3.2031497955322266","3.2031497955322266","3.2031497955322266","292","292","292","","","","","",""
"1450","","","","","","","","","","","","","3.2187885284423827","3.2187885284423827","3.2187885284423827","294","294","294","","","","","",""
"1460","","","","","","","","","","","","","3.1762086868286135","3.1762086868286135","3.1762086868286135","296","296","296","","","","","",""
"1470","","","","","","","","","","","","","3.135489845275879","3.135489845275879","3.135489845275879","298","298","298","","","","","",""
"1480","","","","","","","","","","","","","3.1216403961181642","3.1216403961181642","3.1216403961181642","300","300","300","","","","","",""
"1490","","","","","","","","","","","","","3.177708053588867","3.177708053588867","3.177708053588867","302","302","302","","","","","",""
"1500","","","","","","","","","","","","","0","0","0","305","305","305","","","","","",""
"1510","","","","","","","","","","","","","3.212746810913086","3.212746810913086","3.212746810913086","307","307","307","","","","","",""
"1520","","","","","","","","","","","","","3.1837663650512695","3.1837663650512695","3.1837663650512695","309","309","309","","","","","",""
"1530","","","","","","","","","","","","","3.2230575561523436","3.2230575561523436","3.2230575561523436","311","311","311","","","","","",""
"1540","","","","","","","","","","","","","3.2056350708007812","3.2056350708007812","3.2056350708007812","313","313","313","","","","","",""
"1550","","","","","","","","","","","","","3.1819616317749024","3.1819616317749024","3.1819616317749024","315","315","315","","","","","",""
"1560","","","","","","","","","","","","","3.098833465576172","3.098833465576172","3.098833465576172","317","317","317","","","","","",""
"1570","","","","","","","","","","","","","3.1652027130126954","3.1652027130126954","3.1652027130126954","319","319","319","","","","","",""
"1580","","","","","","","","","","","","","3.1458871841430662","3.1458871841430662","3.1458871841430662","321","321","321","","","","","",""
"1590","","","","","","","","","","","","","3.1274654388427736","3.1274654388427736","3.1274654388427736","323","323","323","","","","","",""
"1600","","","","","","","","","","","","","3.1420434951782226","3.1420434951782226","3.1420434951782226","325","325","325","","","","","",""
"1610","","","","","","","","","","","","","3.1148611068725587","3.1148611068725587","3.1148611068725587","327","327","327","","","","","",""
"1620","","","","","","","","","","","","","3.192479705810547","3.192479705810547","3.192479705810547","329","329","329","","","","","",""
"1630","","","","","","","","","","","","","3.1536447525024416","3.1536447525024416","3.1536447525024416","331","331","331","","","","","",""
"1640","","","","","","","","","","","","","3.1317188262939455","3.1317188262939455","3.1317188262939455","333","333","333","","","","","",""
"1650","","","","","","","","","","","","","3.1184158325195312","3.1184158325195312","3.1184158325195312","335","335","335","","","","","",""
"1660","","","","","","","","","","","","","3.1803794860839845","3.1803794860839845","3.1803794860839845","337","337","337","","","","","",""
"1670","","","","","","","","","","","","","3.1788990020751955","3.1788990020751955","3.1788990020751955","339","339","339","","","","","",""
"1680","","","","","","","","","","","","","3.2164710998535155","3.2164710998535155","3.2164710998535155","341","341","341","","","","","",""
"1690","","","","","","","","","","","","","3.1661828994750976","3.1661828994750976","3.1661828994750976","343","343","343","","","","","",""
"1700","","","","","","","","","","","","","3.0774723052978517","3.0774723052978517","3.0774723052978517","345","345","345","","","","","",""
"1710","","","","","","","","","","","","","3.049120330810547","3.049120330810547","3.049120330810547","347","347","347","","","","","",""
"1720","","","","","","","","","","","","","3.169553756713867","3.169553756713867","3.169553756713867","349","349","349","","","","","",""
"1730","","","","","","","","","","","","","3.241538238525391","3.241538238525391","3.241538238525391","351","351","351","","","","","",""
"1740","","","","","","","","","","","","","3.210192108154297","3.210192108154297","3.210192108154297","353","353","353","","","","","",""
"1750","","","","","","","","","","","","","3.160763740539551","3.160763740539551","3.160763740539551","355","355","355","","","","","",""
"1760","","","","","","","","","","","","","3.1748828887939453","3.1748828887939453","3.1748828887939453","357","357","357","","","","","",""
"1770","","","","","","","","","","","","","3.1138628005981444","3.1138628005981444","3.1138628005981444","359","359","359","","","","","",""
"1780","","","","","","","","","","","","","3.186454963684082","3.186454963684082","3.186454963684082","361","361","361","","","","","",""
"1790","","","","","","","","","","","","","3.210274505615234","3.210274505615234","3.210274505615234","363","363","363","","","","","",""
"1800","","","","","","","","","","","","","3.1032957077026366","3.1032957077026366","3.1032957077026366","365","365","365","","","","","",""
"1810","","","","","","","","","","","","","3.1726770401000977","3.1726770401000977","3.1726770401000977","367","367","367","","","","","",""
"1820","","","","","","","","","","","","","3.093043327331543","3.093043327331543","3.093043327331543","369","369","369","","","","","",""
"1830","","","","","","","","","","","","","3.193465232849121","3.193465232849121","3.193465232849121","371","371","371","","","","","",""
"1840","","","","","","","","","","","","","3.1997419357299806","3.1997419357299806","3.1997419357299806","373","373","373","","","","","",""
"1850","","","","","","","","","","","","","3.181553268432617","3.181553268432617","3.181553268432617","375","375","375","","","","","",""
"1860","","","","","","","","","","","","","3.172476387023926","3.172476387023926","3.172476387023926","377","377","377","","","","","",""
"1870","","","","","","","","","","","","","3.0669498443603516","3.0669498443603516","3.0669498443603516","379","379","379","","","","","",""
"1880","","","","","","","","","","","","","3.1650604248046874","3.1650604248046874","3.1650604248046874","381","381","381","","","","","",""
"1890","","","","","","","","","","","","","3.1468223571777343","3.1468223571777343","3.1468223571777343","383","383","383","","","","","",""
"1900","","","","","","","","","","","","","3.178880500793457","3.178880500793457","3.178880500793457","385","385","385","","","","","",""
"1910","","","","","","","","","","","","","3.2378578186035156","3.2378578186035156","3.2378578186035156","387","387","387","","","","","",""
"1920","","","","","","","","","","","","","3.1338424682617188","3.1338424682617188","3.1338424682617188","389","389","389","","","","","",""
"1930","","","","","","","","","","","","","3.2251865386962892","3.2251865386962892","3.2251865386962892","391","391","391","","","","","",""
"1940","","","","","","","","","","","","","3.094350814819336","3.094350814819336","3.094350814819336","393","393","393","","","","","",""
"1950","","","","","","","","","","","","","3.144858551025391","3.144858551025391","3.144858551025391","395","395","395","","","","","",""
"1960","","","","","","","","","","","","","3.1797595977783204","3.1797595977783204","3.1797595977783204","397","397","397","","","","","",""
"1970","","","","","","","","","","","","","3.1177797317504883","3.1177797317504883","3.1177797317504883","399","399","399","","","","","",""
"1980","","","","","","","","","","","","","3.0856306076049806","3.0856306076049806","3.0856306076049806","401","401","401","","","","","",""
"1990","","","","","","","","","","","","","3.183907318115234","3.183907318115234","3.183907318115234","403","403","403","","","","","",""
"2000","","","","","","","","","","","","","0","0","0","406","406","406","","","","","",""
"2010","","","","","","","","","","","","","3.187610626220703","3.187610626220703","3.187610626220703","408","408","408","","","","","",""
"2020","","","","","","","","","","","","","3.171307373046875","3.171307373046875","3.171307373046875","410","410","410","","","","","",""
"2030","","","","","","","","","","","","","3.0887596130371096","3.0887596130371096","3.0887596130371096","412","412","412","","","","","",""
"2040","","","","","","","","","","","","","3.1856040954589844","3.1856040954589844","3.1856040954589844","414","414","414","","","","","",""
"2050","","","","","","","","","","","","","3.1997575759887695","3.1997575759887695","3.1997575759887695","416","416","416","","","","","",""
"2060","","","","","","","","","","","","","3.1946807861328126","3.1946807861328126","3.1946807861328126","418","418","418","","","","","",""
"2070","","","","","","","","","","","","","3.1231279373168945","3.1231279373168945","3.1231279373168945","420","420","420","","","","","",""
"2080","","","","","","","","","","","","","3.172073173522949","3.172073173522949","3.172073173522949","422","422","422","","","","","",""
"2090","","","","","","","","","","","","","3.1462800979614256","3.1462800979614256","3.1462800979614256","424","424","424","","","","","",""
"2100","","","","","","","","","","","","","3.1368560791015625","3.1368560791015625","3.1368560791015625","426","426","426","","","","","",""
"2110","","","","","","","","","","","","","3.1732528686523436","3.1732528686523436","3.1732528686523436","428","428","428","","","","","",""
"2120","","","","","","","","","","","","","3.1758771896362306","3.1758771896362306","3.1758771896362306","430","430","430","","","","","",""
"2130","","","","","","","","","","","","","3.2079662322998046","3.2079662322998046","3.2079662322998046","432","432","432","","","","","",""
"2140","","","","","","","","","","","","","3.070659637451172","3.070659637451172","3.070659637451172","434","434","434","","","","","",""
"2150","","","","","","","","","","","","","3.0966114044189452","3.0966114044189452","3.0966114044189452","436","436","436","","","","","",""
"2160","","","","","","","","","","","","","3.224940872192383","3.224940872192383","3.224940872192383","438","438","438","","","","","",""
"2170","","","","","","","","","","","","","3.1693206787109376","3.1693206787109376","3.1693206787109376","440","440","440","","","","","",""
"2180","","","","","","","","","","","","","3.090167236328125","3.090167236328125","3.090167236328125","442","442","442","","","","","",""
"2190","","","","","","","","","","","","","3.165127754211426","3.165127754211426","3.165127754211426","444","444","444","","","","","",""
"2200","","","","","","","","","","","","","3.1333200454711916","3.1333200454711916","3.1333200454711916","446","446","446","","","","","",""
"2210","","","","","","","","","","","","","3.170851135253906","3.170851135253906","3.170851135253906","448","448","448","","","","","",""
"2220","","","","","","","","","","","","","3.2305438995361326","3.2305438995361326","3.2305438995361326","450","450","450","","","","","",""
"2230","","","","","","","","","","","","","3.0969303131103514","3.0969303131103514","3.0969303131103514","452","452","452","","","","","",""
"2240","","","","","","","","","","","","","3.103647804260254","3.103647804260254","3.103647804260254","454","454","454","","","","","",""
"2250","","","","","","","","","","","","","3.1752538681030273","3.1752538681030273","3.1752538681030273","456","456","456","","","","","",""
"2260","","","","","","","","","","","","","3.2158828735351563","3.2158828735351563","3.2158828735351563","458","458","458","","","","","",""
"2270","","","","","","","","","","","","","3.209966278076172","3.209966278076172","3.209966278076172","460","460","460","","","","","",""
"2280","","","","","","","","","","","","","3.1105697631835936","3.1105697631835936","3.1105697631835936","462","462","462","","","","","",""
"2290","","","","","","","","","","","","","3.098479461669922","3.098479461669922","3.098479461669922","464","464","464","","","","","",""
"2300","","","","","","","","","","","","","3.163975715637207","3.163975715637207","3.163975715637207","466","466","466","","","","","",""
"2310","","","","","","","","","","","","","3.203859329223633","3.203859329223633","3.203859329223633","468","468","468","","","","","",""
"2320","","","","","","","","","","","","","3.097127342224121","3.097127342224121","3.097127342224121","470","470","470","","","","","",""
"2330","","","","","","","","","","","","","3.1621187210083006","3.1621187210083006","3.1621187210083006","472","472","472","","","","","",""
"2340","","","","","","","","","","","","","3.1682701110839844","3.1682701110839844","3.1682701110839844","474","474","474","","","","","",""
"2350","","","","","","","","","","","","","3.1157295227050783","3.1157295227050783","3.1157295227050783","476","476","476","","","","","",""
"2360","","","","","","","","","","","","","3.2083816528320312","3.2083816528320312","3.2083816528320312","478","478","478","","","","","",""
"2370","","","","","","","","","","","","","3.1054128646850585","3.1054128646850585","3.1054128646850585","480","480","480","","","","","",""
"2380","","","","","","","","","","","","","3.193313980102539","3.193313980102539","3.193313980102539","482","482","482","","","","","",""
"2390","","","","","","","","","","","","","3.108585166931152","3.108585166931152","3.108585166931152","484","484","484","","","","","",""
"2400","","","","","","","","","","","","","3.209039306640625","3.209039306640625","3.209039306640625","486","486","486","","","","","",""
"2410","","","","","","","","","","","","","3.146352195739746","3.146352195739746","3.146352195739746","488","488","488","","","","","",""
"2420","","","","","","","","","","","","","3.165168571472168","3.165168571472168","3.165168571472168","490","490","490","","","","","",""
"2430","","","","","","","","","","","","","3.1971324920654296","3.1971324920654296","3.1971324920654296","492","492","492","","","","","",""
"2440","","","","","","","","","","","","","3.1718326568603517","3.1718326568603517","3.1718326568603517","494","494","494","","","","","",""
"2450","","","","","","","","","","","","","3.1290464401245117","3.1290464401245117","3.1290464401245117","496","496","496","","","","","",""
"2460","","","","","","","","","","","","","3.1776227951049805","3.1776227951049805","3.1776227951049805","498","498","498","","","","","",""
"2470","","","","","","","","","","","","","3.149078369140625","3.149078369140625","3.149078369140625","500","500","500","","","","","",""
"2480","","","","","","","","","","","","","3.128066635131836","3.128066635131836","3.128066635131836","502","502","502","","","","","",""
"2490","","","","","","","","","","","","","3.128729820251465","3.128729820251465","3.128729820251465","504","504","504","","","","","",""
"2500","","","","","","","","","","","","","0","0","0","507","507","507","","","","","",""
"2510","","","","","","","","","","","","","3.192005920410156","3.192005920410156","3.192005920410156","509","509","509","","","","","",""
"2520","","","","","","","","","","","","","3.1481773376464846","3.1481773376464846","3.1481773376464846","511","511","511","","","","","",""
"2530","","","","","","","","","","","","","3.154868507385254","3.154868507385254","3.154868507385254","513","513","513","","","","","",""
"2540","","","","","","","","","","","","","3.2144309997558596","3.2144309997558596","3.2144309997558596","515","515","515","","","","","",""
"2550","","","","","","","","","","","","","3.1777944564819336","3.1777944564819336","3.1777944564819336","517","517","517","","","","","",""
"2560","","","","","","","","","","","","","3.1752872467041016","3.1752872467041016","3.1752872467041016","519","519","519","","","","","",""
"2570","","","","","","","","","","","","","3.081592559814453","3.081592559814453","3.081592559814453","521","521","521","","","","","",""
"2580","","","","","","","","","","","","","3.205413818359375","3.205413818359375","3.205413818359375","523","523","523","","","","","",""
"2590","","","","","","","","","","","","","3.1889766693115233","3.1889766693115233","3.1889766693115233","525","525","525","","","","","",""
"2600","","","","","","","","","","","","","3.160832977294922","3.160832977294922","3.160832977294922","527","527","527","","","","","",""
"2610","","","","","","","","","","","","","3.2311168670654298","3.2311168670654298","3.2311168670654298","529","529","529","","","","","",""
"2620","","","","","","","","","","","","","3.1540706634521483","3.1540706634521483","3.1540706634521483","531","531","531","","","","","",""
"2630","","","","","","","","","","","","","3.1722949981689452","3.1722949981689452","3.1722949981689452","533","533","533","","","","","",""
"2640","","","","","","","","","","","","","3.1231266021728517","3.1231266021728517","3.1231266021728517","535","535","535","","","","","",""
"2650","","","","","","","","","","","","","3.12728271484375","3.12728271484375","3.12728271484375","537","537","537","","","","","",""
"2660","","","","","","","","","","","","","3.250347900390625","3.250347900390625","3.250347900390625","539","539","539","","","","","",""
"2670","","","","","","","","","","","","","3.140253257751465","3.140253257751465","3.140253257751465","541","541","541","","","","","",""
"2680","","","","","","","","","","","","","3.2105690002441407","3.2105690002441407","3.2105690002441407","543","543","543","","","","","",""
"2690","","","","","","","","","","","","","3.122998046875","3.122998046875","3.122998046875","545","545","545","","","","","",""
"2700","","","","","","","","","","","","","3.1150205612182615","3.1150205612182615","3.1150205612182615","547","547","547","","","","","",""
"2710","","","","","","","","","","","","","3.1325204849243162","3.1325204849243162","3.1325204849243162","549","549","549","","","","","",""
"2720","","","","","","","","","","","","","3.1405309677124023","3.1405309677124023","3.1405309677124023","551","551","551","","","","","",""
"2730","","","","","","","","","","","","","3.1920759201049806","3.1920759201049806","3.1920759201049806","553","553","553","","","","","",""
"2740","","","","","","","","","","","","","3.205516815185547","3.205516815185547","3.205516815185547","555","555","555","","","","","",""
"2750","","","","","","","","","","","","","3.0968902587890623","3.0968902587890623","3.0968902587890623","557","557","557","","","","","",""
"2760","","","","","","","","","","","","","3.1319942474365234","3.1319942474365234","3.1319942474365234","559","559","559","","","","","",""
"2770","","","","","","","","","","","","","3.1618831634521483","3.1618831634521483","3.1618831634521483","561","561","561","","","","","",""
"2780","","","","","","","","","","","","","3.126247215270996","3.126247215270996","3.126247215270996","563","563","563","","","","","",""
"2790","","","","","","","","","","","","","3.1567522048950196","3.1567522048950196","3.1567522048950196","565","565","565","","","","","",""
"2800","","","","","","","","","","","","","3.129982566833496","3.129982566833496","3.129982566833496","567","567","567","","","","","",""
"2810","","","","","","","","","","","","","3.1390275955200195","3.1390275955200195","3.1390275955200195","569","569","569","","","","","",""
"2820","","","","","","","","","","","","","3.1234039306640624","3.1234039306640624","3.1234039306640624","571","571","571","","","","","",""
"2830","","","","","","","","","","","","","3.135417938232422","3.135417938232422","3.135417938232422","573","573","573","","","","","",""
"2840","","","","","","","","","","","","","3.129140090942383","3.129140090942383","3.129140090942383","575","575","575","","","","","",""
"2850","","","","","","","","","","","","","3.152400588989258","3.152400588989258","3.152400588989258","577","577","577","","","","","",""
"2860","","","","","","","","","","","","","3.21386604309082","3.21386604309082","3.21386604309082","579","579","579","","","","","",""
"2870","","","","","","","","","","","","","3.2127899169921874","3.2127899169921874","3.2127899169921874","581","581","581","","","","","",""
"2880","","","","","","","","","","","","","3.161838150024414","3.161838150024414","3.161838150024414","583","583","583","","","","","",""
"2890","","","","","","","","","","","","","3.0811790466308593","3.0811790466308593","3.0811790466308593","585","585","585","","","","","",""
"2900","","","","","","","","","","","","","3.2025070190429688","3.2025070190429688","3.2025070190429688","587","587","587","","","","","",""
"2910","","","","","","","","","","","","","3.1433151245117186","3.1433151245117186","3.1433151245117186","589","589","589","","","","","",""
"2920","","","","","","","","","","","","","3.1604030609130858","3.1604030609130858","3.1604030609130858","591","591","591","","","","","",""
"2930","","","","","","","","","","","","","3.1259227752685548","3.1259227752685548","3.1259227752685548","593","593","593","","","","","",""
"2940","","","","","","","","","","","","","3.1968713760375977","3.1968713760375977","3.1968713760375977","595","595","595","","","","","",""
"2950","","","","","","","","","","","","","3.1370079040527346","3.1370079040527346","3.1370079040527346","597","597","597","","","","","",""
"2960","","","","","","","","","","","","","3.175709915161133","3.175709915161133","3.175709915161133","599","599","599","","","","","",""
"2970","","","","","","","","","","","","","3.095257377624512","3.095257377624512","3.095257377624512","601","601","601","","","","","",""
"2980","","","","","","","","","","","","","3.211527633666992","3.211527633666992","3.211527633666992","603","603","603","","","","","",""
"2990","","","","","","","","","","","","","3.1781755447387696","3.1781755447387696","3.1781755447387696","605","605","605","","","","","",""
"3000","","","","","","","","","","","","","0","0","0","608","608","608","","","","","",""
"3010","","","","","","","","","","","","","3.142917823791504","3.142917823791504","3.142917823791504","610","610","610","","","","","",""
"3020","","","","","","","","","","","","","3.2403656005859376","3.2403656005859376","3.2403656005859376","612","612","612","","","","","",""
"3030","","","","","","","","","","","","","3.1599567413330076","3.1599567413330076","3.1599567413330076","614","614","614","","","","","",""
"3040","","","","","","","","","","","","","3.161859703063965","3.161859703063965","3.161859703063965","616","616","616","","","","","",""
"3050","","","","","","","","","","","","","3.1484289169311523","3.1484289169311523","3.1484289169311523","618","618","618","","","","","",""
"3060","","","","","","","","","","","","","3.1612947463989256","3.1612947463989256","3.1612947463989256","620","620","620","","","","","",""
"3070","","","","","","","","","","","","","3.244986724853516","3.244986724853516","3.244986724853516","622","622","622","","","","","",""
"3080","","","","","","","","","","","","","3.1299341201782225","3.1299341201782225","3.1299341201782225","624","624","624","","","","","",""
"3090","","","","","","","","","","","","","3.1308223724365236","3.1308223724365236","3.1308223724365236","626","626","626","","","","","",""
"3100","","","","","","","","","","","","","3.1187915802001953","3.1187915802001953","3.1187915802001953","628","628","628","","","","","",""
"3110","","","","","","","","","","","","","3.150546836853027","3.150546836853027","3.150546836853027","630","630","630","","","","","",""
"3120","","","","","","","","","","","","","3.0700551986694338","3.0700551986694338","3.0700551986694338","632","632","632","","","","","",""
"3130","","","","","","","","","","","","","3.149772834777832","3.149772834777832","3.149772834777832","634","634","634","","","","","",""
"3140","","","","","","","","","","","","","3.205522918701172","3.205522918701172","3.205522918701172","636","636","636","","","","","",""
"3150","","","","","","","","","","","","","3.1568294525146485","3.1568294525146485","3.1568294525146485","638","638","638","","","","","",""
"3160","","","","","","","","","","","","","3.1628021240234374","3.1628021240234374","3.1628021240234374","640","640","640","","","","","",""
"3170","","","","","","","","","","","","","3.119772529602051","3.119772529602051","3.119772529602051","642","642","642","","","","","",""
"3180","","","","","","","","","","","","","3.1699304580688477","3.1699304580688477","3.1699304580688477","644","644","644","","","","","",""
"3190","","","","","","","","","","","","","3.181325340270996","3.181325340270996","3.181325340270996","646","646","646","","","","","",""
"3200","","","","","","","","","","","","","3.1247333526611327","3.1247333526611327","3.1247333526611327","648","648","648","","","","","",""
"3210","","","","","","","","","","","","","3.152791213989258","3.152791213989258","3.152791213989258","650","650","650","","","","","",""
"3220","","","","","","","","","","","","","3.1451745986938477","3.1451745986938477","3.1451745986938477","652","652","652","","","","","",""
"3230","","","","","","","","","","","","","3.1146003723144533","3.1146003723144533","3.1146003723144533","654","654","654","","","","","",""
"3240","","","","","","","","","","","","","3.0916427612304687","3.0916427612304687","3.0916427612304687","656","656","656","","","","","",""
"3250","","","","","","","","","","","","","3.1521652221679686","3.1521652221679686","3.1521652221679686","658","658","658","","","","","",""
"3260","","","","","","","","","","","","","3.164583206176758","3.164583206176758","3.164583206176758","660","660","660","","","","","",""
"3270","","","","","","","","","","","","","3.1240615844726562","3.1240615844726562","3.1240615844726562","662","662","662","","","","","",""
"3280","","","","","","","","","","","","","3.1489593505859377","3.1489593505859377","3.1489593505859377","664","664","664","","","","","",""
"3290","","","","","","","","","","","","","3.0971179962158204","3.0971179962158204","3.0971179962158204","666","666","666","","","","","",""
"3300","","","","","","","","","","","","","3.1234235763549805","3.1234235763549805","3.1234235763549805","668","668","668","","","","","",""
"3310","","","","","","","","","","","","","3.085020637512207","3.085020637512207","3.085020637512207","670","670","670","","","","","",""
"3320","","","","","","","","","","","","","3.167934226989746","3.167934226989746","3.167934226989746","672","672","672","","","","","",""
"3330","","","","","","","","","","","","","3.2144004821777346","3.2144004821777346","3.2144004821777346","674","674","674","","","","","",""
"3340","","","","","","","","","","","","","3.1255285263061525","3.1255285263061525","3.1255285263061525","676","676","676","","","","","",""
"3350","","","","","","","","","","","","","3.186738395690918","3.186738395690918","3.186738395690918","678","678","678","","","","","",""
"3360","","","","","","","","","","","","","3.2018596649169924","3.2018596649169924","3.2018596649169924","680","680","680","","","","","",""
"3370","","","","","","","","","","","","","3.1616853713989257","3.1616853713989257","3.1616853713989257","682","682","682","","","","","",""
"3380","","","","","","","","","","","","","3.1705883026123045","3.1705883026123045","3.1705883026123045","684","684","684","","","","","",""
"3390","","","","","","","","","","","","","3.152690124511719","3.152690124511719","3.152690124511719","686","686","686","","","","","",""
"3400","","","","","","","","","","","","","3.126750946044922","3.126750946044922","3.126750946044922","688","688","688","","","","","",""
"3410","","","","","","","","","","","","","3.1317411422729493","3.1317411422729493","3.1317411422729493","690","690","690","","","","","",""
"3420","","","","","","","","","","","","","3.1008321762084963","3.1008321762084963","3.1008321762084963","692","692","692","","","","","",""
"3430","","","","","","","","","","","","","3.1002906799316405","3.1002906799316405","3.1002906799316405","694","694","694","","","","","",""
"3440","","","","","","","","","","","","","3.123726654052734","3.123726654052734","3.123726654052734","696","696","696","","","","","",""
"3450","","","","","","","","","","","","","3.171543312072754","3.171543312072754","3.171543312072754","698","698","698","","","","","",""
"3460","","","","","","","","","","","","","3.12650146484375","3.12650146484375","3.12650146484375","700","700","700","","","","","",""
"3470","","","","","","","","","","","","","3.1632150650024413","3.1632150650024413","3.1632150650024413","702","702","702","","","","","",""
"3480","","","","","","","","","","","","","3.124503326416016","3.124503326416016","3.124503326416016","704","704","704","","","","","",""
"3490","","","","","","","","","","","","","3.127456855773926","3.127456855773926","3.127456855773926","706","706","706","","","","","",""
"3500","","","","","","","","","","","","","0","0","0","709","709","709","","","","","",""
"3510","","","","","","","","","","","","","3.0912296295166017","3.0912296295166017","3.0912296295166017","711","711","711","","","","","",""
"3520","","","","","","","","","","","","","3.12844181060791","3.12844181060791","3.12844181060791","713","713","713","","","","","",""
"3530","","","","","","","","","","","","","3.085610198974609","3.085610198974609","3.085610198974609","715","715","715","","","","","",""
"3540","","","","","","","","","","","","","3.1861907958984377","3.1861907958984377","3.1861907958984377","717","717","717","","","","","",""
"3550","","","","","","","","","","","","","3.193828582763672","3.193828582763672","3.193828582763672","719","719","719","","","","","",""
"3560","","","","","","","","","","","","","3.143915367126465","3.143915367126465","3.143915367126465","721","721","721","","","","","",""
"3570","","","","","","","","","","","","","3.178287315368652","3.178287315368652","3.178287315368652","723","723","723","","","","","",""
"3580","","","","","","","","","","","","","3.1491111755371093","3.1491111755371093","3.1491111755371093","725","725","725","","","","","",""
"3590","","","","","","","","","","","","","3.1624088287353516","3.1624088287353516","3.1624088287353516","727","727","727","","","","","",""
"3600","","","","","","","","","","","","","3.1323070526123047","3.1323070526123047","3.1323070526123047","729","729","729","","","","","",""
"3610","","","","","","","","","","","","","3.117649459838867","3.117649459838867","3.117649459838867","731","731","731","","","","","",""
"3620","","","","","","","","","","","","","3.1049217224121093","3.1049217224121093","3.1049217224121093","733","733","733","","","","","",""
"3630","","","","","","","","","","","","","3.1951677322387697","3.1951677322387697","3.1951677322387697","735","735","735","","","","","",""
"3640","","","","","","","","","","","","","3.159558868408203","3.159558868408203","3.159558868408203","737","737","737","","","","","",""
"3650","","","","","","","","","","","","","3.080168342590332","3.080168342590332","3.080168342590332","739","739","739","","","","","",""
"3660","","","","","","","","","","","","","3.1351755142211912","3.1351755142211912","3.1351755142211912","741","741","741","","","","","",""
"3670","","","","","","","","","","","","","3.1026615142822265","3.1026615142822265","3.1026615142822265","743","743","743","","","","","",""
"3680","","","","","","","","","","","","","3.1385772705078123","3.1385772705078123","3.1385772705078123","745","745","745","","","","","",""
"3690","","","","","","","","","","","","","3.1135591506958007","3.1135591506958007","3.1135591506958007","747","747","747","","","","","",""
"3700","","","","","","","","","","","","","3.140089416503906","3.140089416503906","3.140089416503906","749","749","749","","","","","",""
"3710","","","","","","","","","","","","","3.1190311431884767","3.1190311431884767","3.1190311431884767","751","751","751","","","","","",""
"3720","","","","","","","","","","","","","3.1955629348754884","3.1955629348754884","3.1955629348754884","753","753","753","","","","","",""
"3730","","","","","","","","","","","","","3.1432838439941406","3.1432838439941406","3.1432838439941406","755","755","755","","","","","",""
"3740","","","","","","","","","","","","","3.1846029281616213","3.1846029281616213","3.1846029281616213","757","757","757","","","","","",""
"3750","","","","","","","","","","","","","3.186193084716797","3.186193084716797","3.186193084716797","759","759","759","","","","","",""
"3760","","","","","","","","","","","","","3.183239555358887","3.183239555358887","3.183239555358887","761","761","761","","","","","",""
"3770","","","","","","","","","","","","","3.1344547271728516","3.1344547271728516","3.1344547271728516","763","763","763","","","","","",""
"3780","","","","","","","","","","","","","3.098899269104004","3.098899269104004","3.098899269104004","765","765","765","","","","","",""
"3790","","","","","","","","","","","","","3.1684709548950196","3.1684709548950196","3.1684709548950196","767","767","767","","","","","",""
"3800","","","","","","","","","","","","","3.123098945617676","3.123098945617676","3.123098945617676","769","769","769","","","","","",""
"3810","","","","","","","","","","","","","3.1334747314453124","3.1334747314453124","3.1334747314453124","771","771","771","","","","","",""
"3820","","","","","","","","","","","","","3.1250381469726562","3.1250381469726562","3.1250381469726562","773","773","773","","","","","",""
"3830","","","","","","","","","","","","","3.140639877319336","3.140639877319336","3.140639877319336","775","775","775","","","","","",""
"3840","","","","","","","","","","","","","3.2311325073242188","3.2311325073242188","3.2311325073242188","777","777","777","","","","","",""
"3850","","","","","","","","","","","","","3.188479995727539","3.188479995727539","3.188479995727539","779","779","779","","","","","",""
"3860","","","","","","","","","","","","","3.178867149353027","3.178867149353027","3.178867149353027","781","781","781","","","","","",""
"3870","","","","","","","","","","","","","3.123907279968262","3.123907279968262","3.123907279968262","783","783","783","","","","","",""
"3880","","","","","","","","","","","","","3.1810781478881838","3.1810781478881838","3.1810781478881838","785","785","785","","","","","",""
"3890","","","","","","","","","","","","","3.0975667953491213","3.0975667953491213","3.0975667953491213","787","787","787","","","","","",""
"3900","","","","","","","","","","","","","3.111459159851074","3.111459159851074","3.111459159851074","789","789","789","","","","","",""
"3910","","","","","","","","","","","","","3.171112632751465","3.171112632751465","3.171112632751465","791","791","791","","","","","",""
"3920","","","","","","","","","","","","","3.1666149139404296","3.1666149139404296","3.1666149139404296","793","793","793","","","","","",""
"3930","","","","","","","","","","","","","3.1910444259643556","3.1910444259643556","3.1910444259643556","795","795","795","","","","","",""
"3940","","","","","","","","","","","","","3.1560239791870117","3.1560239791870117","3.1560239791870117","797","797","797","","","","","",""
"3950","","","","","","","","","","","","","3.1675537109375","3.1675537109375","3.1675537109375","799","799","799","","","","","",""
"3960","","","","","","","","","","","","","3.1554698944091797","3.1554698944091797","3.1554698944091797","801","801","801","","","","","",""
"3970","","","","","","","","","","","","","3.073888397216797","3.073888397216797","3.073888397216797","803","803","803","","","","","",""
"3980","","","","","","","","","","","","","3.1570659637451173","3.1570659637451173","3.1570659637451173","805","805","805","","","","","",""
"3990","","","","","","","","","","","","","3.1425588607788084","3.1425588607788084","3.1425588607788084","807","807","807","","","","","",""
"4000","","","","","","","","","","","","","0","0","0","810","810","810","","","","","",""
"4010","","","","","","","3.2084327697753907","3.2084327697753907","3.2084327697753907","3","3","3","3.208424377441406","3.208424377441406","3.208424377441406","812","812","812","","","","","",""
"4020","","","","","","","3.231861877441406","3.231861877441406","3.231861877441406","5","5","5","3.2318790435791014","3.2318790435791014","3.2318790435791014","814","814","814","","","","","",""
"4030","","","","","","","3.120496940612793","3.120496940612793","3.120496940612793","7","7","7","3.1204765319824217","3.1204765319824217","3.1204765319824217","816","816","816","","","","","",""
"4040","","","","","","","3.1495441436767577","3.1495441436767577","3.1495441436767577","9","9","9","3.149490737915039","3.149490737915039","3.149490737915039","818","818","818","","","","","",""
"4050","","","","","","","3.208182525634766","3.208182525634766","3.208182525634766","11","11","11","3.2081275939941407","3.2081275939941407","3.2081275939941407","820","820","820","","","","","",""
"4060","","","","","","","3.1306249618530275","3.1306249618530275","3.1306249618530275","13","13","13","3.1306827545166014","3.1306827545166014","3.1306827545166014","822","822","822","","","","","",""
"4070","","","","","","","3.111444091796875","3.111444091796875","3.111444091796875","15","15","15","3.111421012878418","3.111421012878418","3.111421012878418","824","824","824","","","","","",""
"4080","","","","","","","3.1881729125976563","3.1881729125976563","3.1881729125976563","17","17","17","3.1881717681884765","3.1881717681884765","3.1881717681884765","826","826","826","","","","","",""
"4090","","","","","","","3.179068946838379","3.179068946838379","3.179068946838379","19","19","19","3.1790517807006835","3.1790517807006835","3.1790517807006835","828","828","828","","","","","",""
"4100","","","","","","","3.1584821701049806","3.1584821701049806","3.1584821701049806","21","21","21","3.1585384368896485","3.1585384368896485","3.1585384368896485","830","830","830","","","","","",""
"4110","","","","","","","3.1251947402954103","3.1251947402954103","3.1251947402954103","23","23","23","3.1252300262451174","3.1252300262451174","3.1252300262451174","832","832","832","","","","","",""
"4120","","","","","","","3.124814987182617","3.124814987182617","3.124814987182617","25","25","25","3.124820899963379","3.124820899963379","3.124820899963379","834","834","834","","","","","",""
"4130","","","","","","","3.1010446548461914","3.1010446548461914","3.1010446548461914","27","27","27","3.1010313034057617","3.1010313034057617","3.1010313034057617","836","836","836","","","","","",""
"4140","","","","","","","3.160737228393555","3.160737228393555","3.160737228393555","29","29","29","3.1607105255126955","3.1607105255126955","3.1607105255126955","838","838","838","","","","","",""
"4150","","","","","","","3.10776424407959","3.10776424407959","3.10776424407959","31","31","31","3.1077375411987305","3.1077375411987305","3.1077375411987305","840","840","840","","","","","",""
"4160","","","","","","","3.061230278015137","3.061230278015137","3.061230278015137","33","33","33","3.0611846923828123","3.0611846923828123","3.0611846923828123","842","842","842","","","","","",""
"4170","","","","","","","3.099945640563965","3.099945640563965","3.099945640563965","35","35","35","3.0999502182006835","3.0999502182006835","3.0999502182006835","844","844","844","","","","","",""
"4180","","","","","","","3.1721725463867188","3.1721725463867188","3.1721725463867188","37","37","37","3.172140884399414","3.172140884399414","3.172140884399414","846","846","846","","","","","",""
"4190","","","","","","","3.1405479431152346","3.1405479431152346","3.1405479431152346","39","39","39","3.1405868530273438","3.1405868530273438","3.1405868530273438","848","848","848","","","","","",""
"4200","","","","","","","3.1593624114990235","3.1593624114990235","3.1593624114990235","41","41","41","3.1593740463256834","3.1593740463256834","3.1593740463256834","850","850","850","","","","","",""
"4210","","","","","","","3.1396661758422852","3.1396661758422852","3.1396661758422852","43","43","43","3.1396564483642577","3.1396564483642577","3.1396564483642577","852","852","852","","","","","",""
"4220","","","","","","","3.1399154663085938","3.1399154663085938","3.1399154663085938","45","45","45","3.1399417877197267","3.1399417877197267","3.1399417877197267","854","854","854","","","","","",""
"4230","","","","","","","3.1733911514282225","3.1733911514282225","3.1733911514282225","47","47","47","3.173343849182129","3.173343849182129","3.173343849182129","856","856","856","","","","","",""
"4240","","","","","","","3.1083890914916994","3.1083890914916994","3.1083890914916994","49","49","49","3.108378791809082","3.108378791809082","3.108378791809082","858","858","858","","","","","",""
"4250","","","","","","","3.0958883285522463","3.0958883285522463","3.0958883285522463","51","51","51","3.0958900451660156","3.0958900451660156","3.0958900451660156","860","860","860","","","","","",""
"4260","","","","","","","3.100214958190918","3.100214958190918","3.100214958190918","53","53","53","3.1002403259277345","3.1002403259277345","3.1002403259277345","862","862","862","","","","","",""
"4270","","","","","","","3.1595720291137694","3.1595720291137694","3.1595720291137694","55","55","55","3.1596084594726563","3.1596084594726563","3.1596084594726563","864","864","864","","","","","",""
"4280","","","","","","","3.0908786773681642","3.0908786773681642","3.0908786773681642","57","57","57","3.09088020324707","3.09088020324707","3.09088020324707","866","866","866","","","","","",""
"4290","","","","","","","3.078517723083496","3.078517723083496","3.078517723083496","59","59","59","3.0785131454467773","3.0785131454467773","3.0785131454467773","868","868","868","","","","","",""
"4300","","","","","","","3.101094627380371","3.101094627380371","3.101094627380371","61","61","61","3.1011104583740234","3.1011104583740234","3.1011104583740234","870","870","870","","","","","",""
"4310","","","","","","","3.108831787109375","3.108831787109375","3.108831787109375","63","63","63","3.1087955474853515","3.1087955474853515","3.1087955474853515","872","872","872","","","","","",""
"4320","","","","","","","3.1083654403686523","3.1083654403686523","3.1083654403686523","65","65","65","3.1085044860839846","3.1085044860839846","3.1085044860839846","874","874","874","","","","","",""
"4330","","","","","","","3.1906023025512695","3.1906023025512695","3.1906023025512695","67","67","67","3.1906213760375977","3.1906213760375977","3.1906213760375977","876","876","876","","","","","",""
"4340","","","","","","","3.155576705932617","3.155576705932617","3.155576705932617","69","69","69","3.155590057373047","3.155590057373047","3.155590057373047","878","878","878","","","","","",""
"4350","","","","","","","3.181056785583496","3.181056785583496","3.181056785583496","71","71","71","3.181076240539551","3.181076240539551","3.181076240539551","880","880","880","","","","","",""
"4360","","","","","","","3.09134464263916","3.09134464263916","3.09134464263916","73","73","73","3.091320037841797","3.091320037841797","3.091320037841797","882","882","882","","","","","",""
"4370","","","","","","","3.122892951965332","3.122892951965332","3.122892951965332","75","75","75","3.1229381561279297","3.1229381561279297","3.1229381561279297","884","884","884","","","","","",""
"4380","","","","","","","3.1262514114379885","3.1262514114379885","3.1262514114379885","77","77","77","3.1262075424194338","3.1262075424194338","3.1262075424194338","886","886","886","","","","","",""
"4390","","","","","","","3.151405143737793","3.151405143737793","3.151405143737793","79","79","79","3.15133113861084","3.15133113861084","3.15133113861084","888","888","888","","","","","",""
"4400","","","","","","","3.104968452453613","3.104968452453613","3.104968452453613","81","81","81","3.1049755096435545","3.1049755096435545","3.1049755096435545","890","890","890","","","","","",""
"4410","","","","","","","3.193440055847168","3.193440055847168","3.193440055847168","83","83","83","3.1933698654174805","3.1933698654174805","3.1933698654174805","892","892","892","","","","","",""
"4420","","","","","","","3.0853017807006835","3.0853017807006835","3.0853017807006835","85","85","85","3.085333251953125","3.085333251953125","3.085333251953125","894","894","894","","","","","",""
"4430","","","","","","","3.1365581512451173","3.1365581512451173","3.1365581512451173","87","87","87","3.136495590209961","3.136495590209961","3.136495590209961","896","896","896","","","","","",""
"4440","","","","","","","3.129537582397461","3.129537582397461","3.129537582397461","89","89","89","3.1296056747436523","3.1296056747436523","3.1296056747436523","898","898","898","","","","","",""
"4450","","","","","","","3.121307373046875","3.121307373046875","3.121307373046875","91","91","91","3.121266555786133","3.121266555786133","3.121266555786133","900","900","900","","","","","",""
"4460","","","","","","","3.177220344543457","3.177220344543457","3.177220344543457","93","93","93","3.17728214263916","3.17728214263916","3.17728214263916","902","902","902","","","","","",""
"4470","","","","","","","3.1804922103881834","3.1804922103881834","3.1804922103881834","95","95","95","3.180537223815918","3.180537223815918","3.180537223815918","904","904","904","","","","","",""
"4480","","","","","","","3.178654670715332","3.178654670715332","3.178654670715332","97","97","97","3.178621292114258","3.178621292114258","3.178621292114258","906","906","906","","","","","",""
"4490","","","","","","","3.1257152557373047","3.1257152557373047","3.1257152557373047","99","99","99","3.1256998062133787","3.1256998062133787","3.1256998062133787","908","908","908","","","","","",""
"4500","","","","","","","0","0","0","102","102","102","0","0","0","911","911","911","","","","","",""
"4510","","","","","","","3.212865447998047","3.212865447998047","3.212865447998047","104","104","104","3.2128395080566405","3.2128395080566405","3.2128395080566405","913","913","913","","","","","",""
"4520","","","","","","","3.0721624374389647","3.0721624374389647","3.0721624374389647","106","106","106","3.0721624374389647","3.0721624374389647","3.0721624374389647","915","915","915","","","","","",""
"4530","","","","","","","3.037754249572754","3.037754249572754","3.037754249572754","108","108","108","3.0377845764160156","3.0377845764160156","3.0377845764160156","917","917","917","","","","","",""
"4540","","","","","","","3.174891471862793","3.174891471862793","3.174891471862793","110","110","110","3.174882507324219","3.174882507324219","3.174882507324219","919","919","919","","","","","",""
"4550","","","","","","","3.1234773635864257","3.1234773635864257","3.1234773635864257","112","112","112","3.1235260009765624","3.1235260009765624","3.1235260009765624","921","921","921","","","","","",""
"4560","","","","","","","3.0887052536010744","3.0887052536010744","3.0887052536010744","114","114","114","3.088690185546875","3.088690185546875","3.088690185546875","923","923","923","","","","","",""
"4570","","","","","","","3.127597999572754","3.127597999572754","3.127597999572754","116","116","116","3.1275941848754885","3.1275941848754885","3.1275941848754885","925","925","925","","","","","",""
"4580","","","","","","","3.1620208740234377","3.1620208740234377","3.1620208740234377","118","118","118","3.162021446228027","3.162021446228027","3.162021446228027","927","927","927","","","","","",""
"4590","","","","","","","3.106830596923828","3.106830596923828","3.106830596923828","120","120","120","","","","","","","","","","","",""
"4600","","","","","","","3.1154991149902345","3.1154991149902345","3.1154991149902345","122","122","122","","","","","","","","","","","",""
"4610","","","","","","","3.170668029785156","3.170668029785156","3.170668029785156","124","124","124","","","","","","","","","","","",""
"4620","","","","","","","3.094353675842285","3.094353675842285","3.094353675842285","126","126","126","","","","","","","","","","","",""
"4630","","","","","","","3.0327531814575197","3.0327531814575197","3.0327531814575197","128","128","128","","","","","","","","","","","",""
"4640","","","","","","","3.1043882369995117","3.1043882369995117","3.1043882369995117","130","130","130","","","","","","","","","","","",""
"4650","","","","","","","3.1285533905029297","3.1285533905029297","3.1285533905029297","132","132","132","","","","","","","","","","","",""
"4660","","","","","","","3.136318588256836","3.136318588256836","3.136318588256836","134","134","134","","","","","","","","","","","",""
"4670","","","","","","","3.1531612396240236","3.1531612396240236","3.1531612396240236","136","136","136","","","","","","","","","","","",""
"4680","","","","","","","3.1371007919311524","3.1371007919311524","3.1371007919311524","138","138","138","","","","","","","","","","","",""
"4690","","","","","","","3.133095359802246","3.133095359802246","3.133095359802246","140","140","140","","","","","","","","","","","",""
"4700","","","","","","","3.12396183013916","3.12396183013916","3.12396183013916","142","142","142","","","","","","","","","","","",""
"4710","","","","","","","3.1401329040527344","3.1401329040527344","3.1401329040527344","144","144","144","","","","","","","","","","","",""
"4720","","","","","","","3.073040771484375","3.073040771484375","3.073040771484375","146","146","146","","","","","","","","","","","",""
"4730","","","","","","","3.0539684295654297","3.0539684295654297","3.0539684295654297","148","148","148","","","","","","","","","","","",""
"4740","","","","","","","3.1066190719604494","3.1066190719604494","3.1066190719604494","150","150","150","","","","","","","","","","","",""
"4750","","","","","","","3.1318008422851564","3.1318008422851564","3.1318008422851564","152","152","152","","","","","","","","","","","",""
"4760","","","","","","","3.0982328414916993","3.0982328414916993","3.0982328414916993","154","154","154","","","","","","","","","","","",""
"4770","","","","","","","3.132067108154297","3.132067108154297","3.132067108154297","156","156","156","","","","","","","","","","","",""
"4780","","","","","","","3.0930185317993164","3.0930185317993164","3.0930185317993164","158","158","158","","","","","","","","","","","",""
"4790","","","","","","","3.1729578018188476","3.1729578018188476","3.1729578018188476","160","160","160","","","","","","","","","","","",""
"4800","","","","","","","3.0921173095703125","3.0921173095703125","3.0921173095703125","162","162","162","","","","","","","","","","","",""
"4810","","","","","","","3.169831657409668","3.169831657409668","3.169831657409668","164","164","164","","","","","","","","","","","",""
"4820","","","","","","","3.134449577331543","3.134449577331543","3.134449577331543","166","166","166","","","","","","","","","","","",""
"4830","","","","","","","3.172341156005859","3.172341156005859","3.172341156005859","168","168","168","","","","","","","","","","","",""
"4840","","","","","","","3.175539970397949","3.175539970397949","3.175539970397949","170","170","170","","","","","","","","","","","",""
"4850","","","","","","","3.115635871887207","3.115635871887207","3.115635871887207","172","172","172","","","","","","","","","","","",""
"4860","","","","","","","3.0751630783081056","3.0751630783081056","3.0751630783081056","174","174","174","","","","","","","","","","","",""
"4870","","","","","","","3.203510284423828","3.203510284423828","3.203510284423828","176","176","176","","","","","","","","","","","",""
"4880","","","","","","","3.1640039443969727","3.1640039443969727","3.1640039443969727","178","178","178","","","","","","","","","","","",""
"4890","","","","","","","3.1187711715698243","3.1187711715698243","3.1187711715698243","180","180","180","","","","","","","","","","","",""
"4900","","","","","","","3.1122608184814453","3.1122608184814453","3.1122608184814453","182","182","182","","","","","","","","","","","",""
"4910","","","","","","","3.1729602813720703","3.1729602813720703","3.1729602813720703","184","184","184","","","","","","","","","","","",""
"4920","","","","","","","3.11190128326416","3.11190128326416","3.11190128326416","186","186","186","","","","","","","","","","","",""
"4930","","","","","","","3.1434293746948243","3.1434293746948243","3.1434293746948243","188","188","188","","","","","","","","","","","",""
"4940","","","","","","","3.1611791610717774","3.1611791610717774","3.1611791610717774","190","190","190","","","","","","","","","","","",""
"4950","","","","","","","3.201802444458008","3.201802444458008","3.201802444458008","192","192","192","","","","","","","","","","","",""
"4960","","","","","","","3.110693168640137","3.110693168640137","3.110693168640137","194","194","194","","","","","","","","","","","",""
"4970","","","","","","","3.172444725036621","3.172444725036621","3.172444725036621","196","196","196","","","","","","","","","","","",""
"4980","","","","","","","3.0714683532714844","3.0714683532714844","3.0714683532714844","198","198","198","","","","","","","","","","","",""
"4990","","","","","","","3.1389984130859374","3.1389984130859374","3.1389984130859374","200","200","200","","","","","","","","","","","",""
"5000","","","","","","","0","0","0","203","203","203","","","","","","","","","","","",""
"5010","3.1319692611694334","3.1319692611694334","3.1319692611694334","3","3","3","3.1319610595703127","3.1319610595703127","3.1319610595703127","205","205","205","","","","","","","","","","","",""
"5020","3.10284481048584","3.10284481048584","3.10284481048584","5","5","5","3.102914047241211","3.102914047241211","3.102914047241211","207","207","207","","","","","","","","","","","",""
"5030","3.1008224487304688","3.1008224487304688","3.1008224487304688","7","7","7","3.1008358001708984","3.1008358001708984","3.1008358001708984","209","209","209","","","","","","","","","","","",""
"5040","3.0921586990356444","3.0921586990356444","3.0921586990356444","9","9","9","3.0920719146728515","3.0920719146728515","3.0920719146728515","211","211","211","","","","","","","","","","","",""
"5050","3.1761968612670897","3.1761968612670897","3.1761968612670897","11","11","11","3.1762231826782226","3.1762231826782226","3.1762231826782226","213","213","213","","","","","","","","","","","",""
"5060","3.0957096099853514","3.0957096099853514","3.0957096099853514","13","13","13","3.095747375488281","3.095747375488281","3.095747375488281","215","215","215","","","","","","","","","","","",""
"5070","3.1907470703125","3.1907470703125","3.1907470703125","15","15","15","3.190813446044922","3.190813446044922","3.190813446044922","217","217","217","","","","","","","","","","","",""
"5080","3.204481506347656","3.204481506347656","3.204481506347656","17","17","17","3.2045318603515627","3.2045318603515627","3.2045318603515627","219","219","219","","","","","","","","","","","",""
"5090","3.1639022827148438","3.1639022827148438","3.1639022827148438","19","19","19","3.163970184326172","3.163970184326172","3.163970184326172","221","221","221","","","","","","","","","","","",""
"5100","3.1732662200927733","3.1732662200927733","3.1732662200927733","21","21","21","3.173267936706543","3.173267936706543","3.173267936706543","223","223","223","","","","","","","","","","","",""
"5110","3.0795318603515627","3.0795318603515627","3.0795318603515627","23","23","23","3.079489898681641","3.079489898681641","3.079489898681641","225","225","225","","","","","","","","","","","",""
"5120","3.140313720703125","3.140313720703125","3.140313720703125","25","25","25","3.1402891159057615","3.1402891159057615","3.1402891159057615","227","227","227","","","","","","","","","","","",""
"5130","3.2138179779052733","3.2138179779052733","3.2138179779052733","27","27","27","3.213802719116211","3.213802719116211","3.213802719116211","229","229","229","","","","","","","","","","","",""
"5140","3.159805107116699","3.159805107116699","3.159805107116699","29","29","29","3.159806823730469","3.159806823730469","3.159806823730469","231","231","231","","","","","","","","","","","",""
"5150","3.146035003662109","3.146035003662109","3.146035003662109","31","31","31","3.1460084915161133","3.1460084915161133","3.1460084915161133","233","233","233","","","","","","","","","","","",""
"5160","3.131927490234375","3.131927490234375","3.131927490234375","33","33","33","3.131913185119629","3.131913185119629","3.131913185119629","235","235","235","","","","","","","","","","","",""
"5170","3.1099222183227537","3.1099222183227537","3.1099222183227537","35","35","35","3.1098917007446287","3.1098917007446287","3.1098917007446287","237","237","237","","","","","","","","","","","",""
"5180","3.1517736434936525","3.1517736434936525","3.1517736434936525","37","37","37","3.1517120361328126","3.1517120361328126","3.1517120361328126","239","239","239","","","","","","","","","","","",""
"5190","3.1332345962524415","3.1332345962524415","3.1332345962524415","39","39","39","3.1332609176635744","3.1332609176635744","3.1332609176635744","241","241","241","","","","","","","","","","","",""
"5200","3.1582172393798826","3.1582172393798826","3.1582172393798826","41","41","41","3.1582530975341796","3.1582530975341796","3.1582530975341796","243","243","243","","","","","","","","","","","",""
"5210","3.1625349044799806","3.1625349044799806","3.1625349044799806","43","43","43","3.162533187866211","3.162533187866211","3.162533187866211","245","245","245","","","","","","","","","","","",""
"5220","3.1761142730712892","3.1761142730712892","3.1761142730712892","45","45","45","3.1761207580566406","3.1761207580566406","3.1761207580566406","247","247","247","","","","","","","","","","","",""
"5230","3.140399932861328","3.140399932861328","3.140399932861328","47","47","47","3.1404272079467774","3.1404272079467774","3.1404272079467774","249","249","249","","","","","","","","","","","",""
"5240","3.1551456451416016","3.1551456451416016","3.1551456451416016","49","49","49","3.1552331924438475","3.1552331924438475","3.1552331924438475","251","251","251","","","","","","","","","","","",""
"5250","3.1404897689819338","3.1404897689819338","3.1404897689819338","51","51","51","3.140488624572754","3.140488624572754","3.140488624572754","253","253","253","","","","","","","","","","","",""
"5260","3.2200942993164063","3.2200942993164063","3.2200942993164063","53","53","53","3.220083999633789","3.220083999633789","3.220083999633789","255","255","255","","","","","","","","","","","",""
"5270","3.1589725494384764","3.1589725494384764","3.1589725494384764","55","55","55","3.1590190887451173","3.1590190887451173","3.1590190887451173","257","257","257","","","","","","","","","","","",""
"5280","3.083546447753906","3.083546447753906","3.083546447753906","57","57","57","3.083575439453125","3.083575439453125","3.083575439453125","259","259","259","","","","","","","","","","","",""
"5290","3.131574249267578","3.131574249267578","3.131574249267578","59","59","59","3.1315614700317385","3.1315614700317385","3.1315614700317385","261","261","261","","","","","","","","","","","",""
"5300","3.1811052322387696","3.1811052322387696","3.1811052322387696","61","61","61","3.1811010360717775","3.1811010360717775","3.1811010360717775","263","263","263","","","","","","","","","","","",""
"5310","3.1692089080810546","3.1692089080810546","3.1692089080810546","63","63","63","3.1691818237304688","3.1691818237304688","3.1691818237304688","265","265","265","","","","","","","","","","","",""
"5320","3.152621841430664","3.152621841430664","3.152621841430664","65","65","65","3.1526256561279298","3.1526256561279298","3.1526256561279298","267","267","267","","","","","","","","","","","",""
"5330","3.1290088653564454","3.1290088653564454","3.1290088653564454","67","67","67","3.1290088653564454","3.1290088653564454","3.1290088653564454","269","269","269","","","","","","","","","","","",""
"5340","3.1728374481201174","3.1728374481201174","3.1728374481201174","69","69","69","3.172807502746582","3.172807502746582","3.172807502746582","271","271","271","","","","","","","","","","","",""
"5350","3.117506980895996","3.117506980895996","3.117506980895996","71","71","71","3.1175012588500977","3.1175012588500977","3.1175012588500977","273","273","273","","","","","","","","","","","",""
"5360","3.157193183898926","3.157193183898926","3.157193183898926","73","73","73","3.1571632385253907","3.1571632385253907","3.1571632385253907","275","275","275","","","","","","","","","","","",""
"5370","3.108384704589844","3.108384704589844","3.108384704589844","75","75","75","3.1083423614501955","3.1083423614501955","3.1083423614501955","277","277","277","","","","","","","","","","","",""
"5380","3.1722822189331055","3.1722822189331055","3.1722822189331055","77","77","77","3.1722747802734377","3.1722747802734377","3.1722747802734377","279","279","279","","","","","","","","","","","",""
"5390","3.160367012023926","3.160367012023926","3.160367012023926","79","79","79","3.1604026794433593","3.1604026794433593","3.1604026794433593","281","281","281","","","","","","","","","","","",""
"5400","3.143673324584961","3.143673324584961","3.143673324584961","81","81","81","3.1437057495117187","3.1437057495117187","3.1437057495117187","283","283","283","","","","","","","","","","","",""
"5410","3.1748378753662108","3.1748378753662108","3.1748378753662108","83","83","83","3.174851417541504","3.174851417541504","3.174851417541504","285","285","285","","","","","","","","","","","",""
"5420","3.153240776062012","3.153240776062012","3.153240776062012","85","85","85","3.153237724304199","3.153237724304199","3.153237724304199","287","287","287","","","","","","","","","","","",""
"5430","3.128330421447754","3.128330421447754","3.128330421447754","87","87","87","3.1282627105712892","3.1282627105712892","3.1282627105712892","289","289","289","","","","","","","","","","","",""
"5440","3.1111883163452148","3.1111883163452148","3.1111883163452148","89","89","89","3.111173629760742","3.111173629760742","3.111173629760742","291","291","291","","","","","","","","","","","",""
"5450","3.1046911239624024","3.1046911239624024","3.1046911239624024","91","91","91","3.1046289443969726","3.1046289443969726","3.1046289443969726","293","293","293","","","","","","","","","","","",""
"5460","3.183270072937012","3.183270072937012","3.183270072937012","93","93","93","3.1832447052001953","3.1832447052001953","3.1832447052001953","295","295","295","","","","","","","","","","","",""
"5470","3.200373077392578","3.200373077392578","3.200373077392578","95","95","95","3.200362777709961","3.200362777709961","3.200362777709961","297","297","297","","","","","","","","","","","",""
"5480","3.128195571899414","3.128195571899414","3.128195571899414","97","97","97","3.1282005310058594","3.1282005310058594","3.1282005310058594","299","299","299","","","","","","","","","","","",""
"5490","3.1014190673828126","3.1014190673828126","3.1014190673828126","99","99","99","3.101460838317871","3.101460838317871","3.101460838317871","301","301","301","","","","","","","","","","","",""
"5500","0","0","0","102","102","102","","","","","","","","","","","","","","","","","",""
"5510","3.1809553146362304","3.1809553146362304","3.1809553146362304","104","104","104","","","","","","","","","","","","","","","","","",""
"5520","3.1460899353027343","3.1460899353027343","3.1460899353027343","106","106","106","","","","","","","","","","","","","","","","","",""
"5530","3.132411766052246","3.132411766052246","3.132411766052246","108","108","108","","","","","","","","","","","","","","","","","",""
"5540","3.123765754699707","3.123765754699707","3.123765754699707","110","110","110","","","","","","","","","","","","","","","","","",""
"5550","3.1211963653564454","3.1211963653564454","3.1211963653564454","112","112","112","","","","","","","","","","","","","","","","","",""
"5560","3.1387563705444337","3.1387563705444337","3.1387563705444337","114","114","114","","","","","","","","","","","","","","","","","",""
"5570","3.1740659713745116","3.1740659713745116","3.1740659713745116","116","116","116","","","","","","","","","","","","","","","","","",""
"5580","3.1348251342773437","3.1348251342773437","3.1348251342773437","118","118","118","","","","","","","","","","","","","","","","","",""
"5590","3.166091728210449","3.166091728210449","3.166091728210449","120","120","120","","","","","","","","","","","","","","","","","",""
"5600","3.071201133728027","3.071201133728027","3.071201133728027","122","122","122","","","","","","","","","","","","","","","","","",""
"5610","3.112393379211426","3.112393379211426","3.112393379211426","124","124","124","","","","","","","","","","","","","","","","","",""
"5620","3.148873519897461","3.148873519897461","3.148873519897461","126","126","126","","","","","","","","","","","","","","","","","",""
"5630","3.154374694824219","3.154374694824219","3.154374694824219","128","128","128","","","","","","","","","","","","","","","","","",""
"5640","3.1103788375854493","3.1103788375854493","3.1103788375854493","130","130","130","","","","","","","","","","","","","","","","","",""
"5650","3.164204788208008","3.164204788208008","3.164204788208008","132","132","132","","","","","","","","","","","","","","","","","",""
"5660","3.199264907836914","3.199264907836914","3.199264907836914","134","134","134","","","","","","","","","","","","","","","","","",""
"5670","3.1591821670532227","3.1591821670532227","3.1591821670532227","136","136","136","","","","","","","","","","","","","","","","","",""
"5680","3.134720230102539","3.134720230102539","3.134720230102539","138","138","138","","","","","","","","","","","","","","","","","",""
"5690","3.0903600692749023","3.0903600692749023","3.0903600692749023","140","140","140","","","","","","","","","","","","","","","","","",""
"5700","3.1330047607421876","3.1330047607421876","3.1330047607421876","142","142","142","","","","","","","","","","","","","","","","","",""
"5710","3.1509563446044924","3.1509563446044924","3.1509563446044924","144","144","144","","","","","","","","","","","","","","","","","",""
"5720","3.0337018966674805","3.0337018966674805","3.0337018966674805","146","146","146","","","","","","","","","","","","","","","","","",""
"5730","3.14566707611084","3.14566707611084","3.14566707611084","148","148","148","","","","","","","","","","","","","","","","","",""
"5740","3.1418638229370117","3.1418638229370117","3.1418638229370117","150","150","150","","","","","","","","","","","","","","","","","",""
"5750","3.170982551574707","3.170982551574707","3.170982551574707","152","152","152","","","","","","","","","","","","","","","","","",""
"5760","3.128108596801758","3.128108596801758","3.128108596801758","154","154","154","","","","","","","","","","","","","","","","","",""
"5770","3.120878982543945","3.120878982543945","3.120878982543945","156","156","156","","","","","","","","","","","","","","","","","",""
"5780","3.1653087615966795","3.1653087615966795","3.1653087615966795","158","158","158","","","","","","","","","","","","","","","","","",""
"5790","3.118600273132324","3.118600273132324","3.118600273132324","160","160","160","","","","","","","","","","","","","","","","","",""
"5800","3.143524742126465","3.143524742126465","3.143524742126465","162","162","162","","","","","","","","","","","","","","","","","",""
"5810","3.147344779968262","3.147344779968262","3.147344779968262","164","164","164","","","","","","","","","","","","","","","","","",""
"5820","3.1884510040283205","3.1884510040283205","3.1884510040283205","166","166","166","","","","","","","","","","","","","","","","","",""
"5830","3.0965974807739256","3.0965974807739256","3.0965974807739256","168","168","168","","","","","","","","","","","","","","","","","",""
"5840","3.1557729721069334","3.1557729721069334","3.1557729721069334","170","170","170","","","","","","","","","","","","","","","","","",""
"5850","3.2269344329833984","3.2269344329833984","3.2269344329833984","172","172","172","","","","","","","","","","","","","","","","","",""
"5860","3.146759796142578","3.146759796142578","3.146759796142578","174","174","174","","","","","","","","","","","","","","","","","",""
"5870","3.1398576736450194","3.1398576736450194","3.1398576736450194","176","176","176","","","","","","","","","","","","","","","","","",""
"5880","3.139837646484375","3.139837646484375","3.139837646484375","178","178","178","","","","","","","","","","","","","","","","","",""
"5890","3.1048952102661134","3.1048952102661134","3.1048952102661134","180","180","180","","","","","","","","","","","","","","","","","",""
"5900","3.1256027221679688","3.1256027221679688","3.1256027221679688","182","182","182","","","","","","","","","","","","","","","","","",""
"5910","3.197096252441406","3.197096252441406","3.197096252441406","184","184","184","","","","","","","","","","","","","","","","","",""
"5920","3.1588199615478514","3.1588199615478514","3.1588199615478514","186","186","186","","","","","","","","","","","","","","","","","",""
"5930","3.0991437911987303","3.0991437911987303","3.0991437911987303","188","188","188","","","","","","","","","","","","","","","","","",""
"5940","3.1592166900634764","3.1592166900634764","3.1592166900634764","190","190","190","","","","","","","","","","","","","","","","","",""
"5950","3.166197967529297","3.166197967529297","3.166197967529297","192","192","192","","","","","","","","","","","","","","","","","",""
"5960","3.123412322998047","3.123412322998047","3.123412322998047","194","194","194","","","","","","","","","","","","","","","","","",""
"5970","3.09164981842041","3.09164981842041","3.09164981842041","196","196","196","","","","","","","","","","","","","","","","","",""
"5980","3.1077529907226564","3.1077529907226564","3.1077529907226564","198","198","198","","","","","","","","","","","","","","","","","",""
"5990","3.1208080291748046","3.1208080291748046","3.1208080291748046","200","200","200","","","","","","","","","","","","","","","","","",""
"6000","0","0","0","203","203","203","","","","","","","","","","","","","","","","","",""
"6010","3.2002845764160157","3.2002845764160157","3.2002845764160157","205","205","205","","","","","","","","","","","","","","","","","",""
"6020","3.1572341918945312","3.1572341918945312","3.1572341918945312","207","207","207","","","","","","","","","","","","","","","","","",""
"6030","3.1499404907226562","3.1499404907226562","3.1499404907226562","209","209","209","","","","","","","","","","","","","","","","","",""
"6040","3.2011573791503904","3.2011573791503904","3.2011573791503904","211","211","211","","","","","","","","","","","","","","","","","",""
"6050","3.1695831298828123","3.1695831298828123","3.1695831298828123","213","213","213","","","","","","","","","","","","","","","","","",""
"6060","3.135830879211426","3.135830879211426","3.135830879211426","215","215","215","","","","","","","","","","","","","","","","","",""
"6070","3.0779930114746095","3.0779930114746095","3.0779930114746095","217","217","217","","","","","","","","","","","","","","","","","",""
"6080","3.1498504638671876","3.1498504638671876","3.1498504638671876","219","219","219","","","","","","","","","","","","","","","","","",""
"6090","3.1081493377685545","3.1081493377685545","3.1081493377685545","221","221","221","","","","","","","","","","","","","","","","","",""
"6100","3.070567321777344","3.070567321777344","3.070567321777344","223","223","223","","","","","","","","","","","","","","","","","",""
"6110","3.109314727783203","3.109314727783203","3.109314727783203","225","225","225","","","","","","","","","","","","","","","","","",""
"6120","3.202783203125","3.202783203125","3.202783203125","227","227","227","","","","","","","","","","","","","","","","","",""
"6130","3.110846519470215","3.110846519470215","3.110846519470215","229","229","229","","","","","","","","","","","","","","","","","",""
"6140","3.1230899810791017","3.1230899810791017","3.1230899810791017","231","231","231","","","","","","","","","","","","","","","","","",""
"6150","3.162156105041504","3.162156105041504","3.162156105041504","233","233","233","","","","","","","","","","","","","","","","","",""
"6160","3.136227607727051","3.136227607727051","3.136227607727051","235","235","235","","","","","","","","","","","","","","","","","",""
"6170","3.1334028244018555","3.1334028244018555","3.1334028244018555","237","237","237","","","","","","","","","","","","","","","","","",""
"6180","3.1672563552856445","3.1672563552856445","3.1672563552856445","239","239","239","","","","","","","","","","","","","","","","","",""
"6190","3.1125423431396486","3.1125423431396486","3.1125423431396486","241","241","241","","","","","","","","","","","","","","","","","",""
"6200","3.084683418273926","3.084683418273926","3.084683418273926","243","243","243","","","","","","","","","","","","","","","","","",""
"6210","3.080303192138672","3.080303192138672","3.080303192138672","245","245","245","","","","","","","","","","","","","","","","","",""
"6220","3.1583398818969726","3.1583398818969726","3.1583398818969726","247","247","247","","","","","","","","","","","","","","","","","",""
"6230","3.217531204223633","3.217531204223633","3.217531204223633","249","249","249","","","","","","","","","","","","","","","","","",""
"6240","3.1837392807006837","3.1837392807006837","3.1837392807006837","251","251","251","","","","","","","","","","","","","","","","","",""
"6250","3.1862720489501952","3.1862720489501952","3.1862720489501952","253","253","253","","","","","","","","","","","","","","","","","",""
"6260","3.092255973815918","3.092255973815918","3.092255973815918","255","255","255","","","","","","","","","","","","","","","","","",""
"6270","3.203638458251953","3.203638458251953","3.203638458251953","257","257","257","","","","","","","","","","","","","","","","","",""
"6280","3.182526397705078","3.182526397705078","3.182526397705078","259","259","259","","","","","","","","","","","","","","","","","",""
"6290","3.150722694396973","3.150722694396973","3.150722694396973","261","261","261","","","","","","","","","","","","","","","","","",""
"6300","3.1159339904785157","3.1159339904785157","3.1159339904785157","263","263","263","","","","","","","","","","","","","","","","","",""
"6310","3.140311431884766","3.140311431884766","3.140311431884766","265","265","265","","","","","","","","","","","","","","","","","",""
"6320","3.1506738662719727","3.1506738662719727","3.1506738662719727","267","267","267","","","","","","","","","","","","","","","","","",""
"6330","3.1602041244506838","3.1602041244506838","3.1602041244506838","269","269","269","","","","","","","","","","","","","","","","","",""
"6340","3.140336799621582","3.140336799621582","3.140336799621582","271","271","271","","","","","","","","","","","","","","","","","",""
"6350","3.0765899658203124","3.0765899658203124","3.0765899658203124","273","273","273","","","","","","","","","","","","","","","","","",""
"6360","3.134913444519043","3.134913444519043","3.134913444519043","275","275","275","","","","","","","","","","","","","","","","","",""