"train/global_step","glad-glitter-9 - train/ema_token_loss","glad-glitter-9 - train/ema_token_loss__MIN","glad-glitter-9 - train/ema_token_loss__MAX","glad-glitter-9 - _step","glad-glitter-9 - _step__MIN","glad-glitter-9 - _step__MAX","sleek-moon-7 - train/ema_token_loss","sleek-moon-7 - train/ema_token_loss__MIN","sleek-moon-7 - train/ema_token_loss__MAX","sleek-moon-7 - _step","sleek-moon-7 - _step__MIN","sleek-moon-7 - _step__MAX","magic-universe-6 - train/ema_token_loss","magic-universe-6 - train/ema_token_loss__MIN","magic-universe-6 - train/ema_token_loss__MAX","magic-universe-6 - _step","magic-universe-6 - _step__MIN","magic-universe-6 - _step__MAX","visionary-oath-5 - train/ema_token_loss","visionary-oath-5 - train/ema_token_loss__MIN","visionary-oath-5 - train/ema_token_loss__MAX","visionary-oath-5 - _step","visionary-oath-5 - _step__MIN","visionary-oath-5 - _step__MAX"
"0","0","0","0","1","1","1","0","0","0","1","1","1","","","","","","","","","","","",""
"1","","","","","","","","","","","","","3.228025197982788","3.228025197982788","3.228025197982788","2","2","2","3.4259908199310303","3.4259908199310303","3.4259908199310303","2","2","2"
"10","","","","","","","","","","","","","3.250429426299201","3.250429426299201","3.250429426299201","4","4","4","3.436096273528205","3.436096273528205","3.436096273528205","4","4","4"
"20","","","","","","","","","","","","","3.271405923366546","3.271405923366546","3.271405923366546","6","6","6","3.4385795950889584","3.4385795950889584","3.4385795950889584","6","6","6"
"30","","","","","","","","","","","","","3.2935642278194424","3.2935642278194424","3.2935642278194424","8","8","8","3.4398339784145353","3.4398339784145353","3.4398339784145353","8","8","8"
"40","","","","","","","","","","","","","3.3063326677083964","3.3063326677083964","3.3063326677083964","10","10","10","3.4495398505926134","3.4495398505926134","3.4495398505926134","10","10","10"
"50","","","","","","","","","","","","","3.3138753652930255","3.3138753652930255","3.3138753652930255","12","12","12","3.452659061944485","3.452659061944485","3.452659061944485","12","12","12"
"60","","","","","","","","","","","","","3.3197232032144064","3.3197232032144064","3.3197232032144064","14","14","14","3.4428600365483764","3.4428600365483764","3.4428600365483764","14","14","14"
"70","","","","","","","","","","","","","3.326949987202048","3.326949987202048","3.326949987202048","16","16","16","3.4387539721635583","3.4387539721635583","3.4387539721635583","16","16","16"
"80","","","","","","","","","","","","","3.332952078630769","3.332952078630769","3.332952078630769","18","18","18","3.4312760129965185","3.4312760129965185","3.4312760129965185","18","18","18"
"90","","","","","","","","","","","","","3.3282230786534344","3.3282230786534344","3.3282230786534344","20","20","20","3.4162015046534098","3.4162015046534098","3.4162015046534098","20","20","20"
"100","","","","","","","","","","","","","3.338550757055181","3.338550757055181","3.338550757055181","22","22","22","3.4091826420298657","3.4091826420298657","3.4091826420298657","22","22","22"
"110","","","","","","","","","","","","","3.3398704707783735","3.3398704707783735","3.3398704707783735","24","24","24","3.403018940204809","3.403018940204809","3.403018940204809","24","24","24"
"120","","","","","","","","","","","","","3.3431169289495597","3.3431169289495597","3.3431169289495597","26","26","26","3.4038720220754413","3.4038720220754413","3.4038720220754413","26","26","26"
"130","","","","","","","","","","","","","3.336532744599525","3.336532744599525","3.336532744599525","28","28","28","3.398207567670631","3.398207567670631","3.398207567670631","28","28","28"
"140","","","","","","","","","","","","","3.337274611741135","3.337274611741135","3.337274611741135","30","30","30","3.3889555822658726","3.3889555822658726","3.3889555822658726","30","30","30"
"150","","","","","","","","","","","","","3.330206696465459","3.330206696465459","3.330206696465459","32","32","32","3.3814179036779572","3.3814179036779572","3.3814179036779572","32","32","32"
"160","","","","","","","","","","","","","3.324532714135808","3.324532714135808","3.324532714135808","34","34","34","3.365141423979107","3.365141423979107","3.365141423979107","34","34","34"
"170","","","","","","","","","","","","","3.317913526279356","3.317913526279356","3.317913526279356","36","36","36","3.3554565433609813","3.3554565433609813","3.3554565433609813","36","36","36"
"180","","","","","","","","","","","","","3.3138634151064985","3.3138634151064985","3.3138634151064985","38","38","38","3.346612892503887","3.346612892503887","3.346612892503887","38","38","38"
"190","","","","","","","","","","","","","3.310429382250634","3.310429382250634","3.310429382250634","40","40","40","3.3430586665469555","3.3430586665469555","3.3430586665469555","40","40","40"
"200","","","","","","","","","","","","","3.3047798919015468","3.3047798919015468","3.3047798919015468","42","42","42","3.3348630293844472","3.3348630293844472","3.3348630293844472","42","42","42"
"210","","","","","","","","","","","","","3.2973110122084623","3.2973110122084623","3.2973110122084623","44","44","44","3.329890711126178","3.329890711126178","3.329890711126178","44","44","44"
"220","","","","","","","","","","","","","3.287037861579657","3.287037861579657","3.287037861579657","46","46","46","3.314800066069469","3.314800066069469","3.314800066069469","46","46","46"
"230","","","","","","","","","","","","","3.271301757306457","3.271301757306457","3.271301757306457","48","48","48","3.319210409804319","3.319210409804319","3.319210409804319","48","48","48"
"240","","","","","","","","","","","","","3.2723332789635067","3.2723332789635067","3.2723332789635067","50","50","50","3.3232541439093364","3.3232541439093364","3.3232541439093364","50","50","50"
"250","","","","","","","","","","","","","3.271449171343035","3.271449171343035","3.271449171343035","52","52","52","3.3174209246477973","3.3174209246477973","3.3174209246477973","52","52","52"
"260","","","","","","","","","","","","","3.269438035641837","3.269438035641837","3.269438035641837","54","54","54","","","","","",""
"270","","","","","","","","","","","","","3.2752421111059737","3.2752421111059737","3.2752421111059737","56","56","56","","","","","",""
"280","","","","","","","","","","","","","3.275697788911392","3.275697788911392","3.275697788911392","58","58","58","","","","","",""
"290","","","","","","","","","","","","","3.2709265482282603","3.2709265482282603","3.2709265482282603","60","60","60","","","","","",""
"300","","","","","","","","","","","","","3.271067818271157","3.271067818271157","3.271067818271157","62","62","62","","","","","",""
"310","","","","","","","","","","","","","3.265793540716502","3.265793540716502","3.265793540716502","64","64","64","","","","","",""
"320","","","","","","","","","","","","","3.2632152700188755","3.2632152700188755","3.2632152700188755","66","66","66","","","","","",""
"330","","","","","","","","","","","","","3.2673067221429646","3.2673067221429646","3.2673067221429646","68","68","68","","","","","",""
"340","","","","","","","","","","","","","3.267551986818317","3.267551986818317","3.267551986818317","70","70","70","","","","","",""
"350","","","","","","","","","","","","","3.262761738698009","3.262761738698009","3.262761738698009","72","72","72","","","","","",""
"360","","","","","","","","","","","","","3.2550491787198093","3.2550491787198093","3.2550491787198093","74","74","74","","","","","",""
"370","","","","","","","","","","","","","3.2599537304523207","3.2599537304523207","3.2599537304523207","76","76","76","","","","","",""
"380","","","","","","","","","","","","","3.25529956681871","3.25529956681871","3.25529956681871","78","78","78","","","","","",""
"390","","","","","","","","","","","","","3.253087176054808","3.253087176054808","3.253087176054808","80","80","80","","","","","",""
"400","","","","","","","","","","","","","3.248076119276964","3.248076119276964","3.248076119276964","82","82","82","","","","","",""
"410","","","","","","","","","","","","","3.2496145995733885","3.2496145995733885","3.2496145995733885","84","84","84","","","","","",""
"420","","","","","","","","","","","","","3.247717676664389","3.247717676664389","3.247717676664389","86","86","86","","","","","",""
"430","","","","","","","","","","","","","3.2421596426710457","3.2421596426710457","3.2421596426710457","88","88","88","","","","","",""
"440","","","","","","","","","","","","","3.237974463010875","3.237974463010875","3.237974463010875","90","90","90","","","","","",""
"450","","","","","","","","","","","","","3.2350266642317598","3.2350266642317598","3.2350266642317598","92","92","92","","","","","",""
"460","","","","","","","","","","","","","3.2402632022153224","3.2402632022153224","3.2402632022153224","94","94","94","","","","","",""
"470","","","","","","","","","","","","","3.2345684478507235","3.2345684478507235","3.2345684478507235","96","96","96","","","","","",""
"480","","","","","","","","","","","","","3.2328605654679947","3.2328605654679947","3.2328605654679947","98","98","98","","","","","",""
"490","","","","","","","","","","","","","3.224991092936088","3.224991092936088","3.224991092936088","100","100","100","","","","","",""
"500","","","","","","","","","","","","","2.902491983642479","2.902491983642479","2.902491983642479","103","103","103","","","","","",""
"510","","","","","","","","","","","","","2.9278585537108484","2.9278585537108484","2.9278585537108484","105","105","105","","","","","",""
"520","","","","","","","","","","","","","2.9637198159545095","2.9637198159545095","2.9637198159545095","107","107","107","","","","","",""
"530","","","","","","","","","","","","","2.9858934428795663","2.9858934428795663","2.9858934428795663","109","109","109","","","","","",""
"540","","","","","","","","","","","","","3.0015455078933675","3.0015455078933675","3.0015455078933675","111","111","111","","","","","",""
"550","","","","","","","","","","","","","3.0238121073115503","3.0238121073115503","3.0238121073115503","113","113","113","","","","","",""
"560","","","","","","","","","","","","","3.0455517233015867","3.0455517233015867","3.0455517233015867","115","115","115","","","","","",""
"570","","","","","","","","","","","","","3.06710784857885","3.06710784857885","3.06710784857885","117","117","117","","","","","",""
"580","","","","","","","","","","","","","3.0880476298220394","3.0880476298220394","3.0880476298220394","119","119","119","","","","","",""
"590","","","","","","","","","","","","","3.0960217936892005","3.0960217936892005","3.0960217936892005","121","121","121","","","","","",""
"600","","","","","","","","","","","","","3.105755208497526","3.105755208497526","3.105755208497526","123","123","123","","","","","",""
"610","","","","","","","","","","","","","3.11604001632209","3.11604001632209","3.11604001632209","125","125","125","","","","","",""
"620","","","","","","","","","","","","","3.129997843303162","3.129997843303162","3.129997843303162","127","127","127","","","","","",""
"630","","","","","","","","","","","","","3.1343640868048768","3.1343640868048768","3.1343640868048768","129","129","129","","","","","",""
"640","","","","","","","","","","","","","3.1435884676141352","3.1435884676141352","3.1435884676141352","131","131","131","","","","","",""
"650","","","","","","","","","","","","","3.153242949404968","3.153242949404968","3.153242949404968","133","133","133","","","","","",""
"660","","","","","","","","","","","","","3.157587195419061","3.157587195419061","3.157587195419061","135","135","135","","","","","",""
"670","","","","","","","","","","","","","3.159069991990436","3.159069991990436","3.159069991990436","137","137","137","","","","","",""
"680","","","","","","","","","","","","","3.167265966729381","3.167265966729381","3.167265966729381","139","139","139","","","","","",""
"690","","","","","","","","","","","","","3.1696470360720674","3.1696470360720674","3.1696470360720674","141","141","141","","","","","",""
"700","","","","","","","","","","","","","3.176515073248552","3.176515073248552","3.176515073248552","143","143","143","","","","","",""
"710","","","","","","","","","","","","","3.172187750341421","3.172187750341421","3.172187750341421","145","145","145","","","","","",""
"720","","","","","","","","","","","","","3.1758959848897983","3.1758959848897983","3.1758959848897983","147","147","147","","","","","",""
"730","","","","","","","","","","","","","3.1757277464166878","3.1757277464166878","3.1757277464166878","149","149","149","","","","","",""
"740","","","","","","","","","","","","","3.179264362033808","3.179264362033808","3.179264362033808","151","151","151","","","","","",""
"750","","","","","","","","","","","","","3.1807103318362864","3.1807103318362864","3.1807103318362864","153","153","153","","","","","",""
"760","","","","","","","","","","","","","3.1793771221389857","3.1793771221389857","3.1793771221389857","155","155","155","","","","","",""
"770","","","","","","","","","","","","","3.1809529788032607","3.1809529788032607","3.1809529788032607","157","157","157","","","","","",""
"780","","","","","","","","","","","","","3.1846938473047706","3.1846938473047706","3.1846938473047706","159","159","159","","","","","",""
"790","","","","","","","","","","","","","3.1879536648448012","3.1879536648448012","3.1879536648448012","161","161","161","","","","","",""
"800","","","","","","","","","","","","","3.186734573232147","3.186734573232147","3.186734573232147","163","163","163","","","","","",""
"810","","","","","","","","","","","","","3.192869808841061","3.192869808841061","3.192869808841061","165","165","165","","","","","",""
"820","","","","","","","","","","","","","3.191505706222336","3.191505706222336","3.191505706222336","167","167","167","","","","","",""
"830","","","","","","","","","","","","","3.1990200602216845","3.1990200602216845","3.1990200602216845","169","169","169","","","","","",""
"840","","","","","","","","","","","","","3.195618393707573","3.195618393707573","3.195618393707573","171","171","171","","","","","",""
"850","","","","","","","","","","","","","3.196002576370507","3.196002576370507","3.196002576370507","173","173","173","","","","","",""
"860","","","","","","","","","","","","","3.194203984993222","3.194203984993222","3.194203984993222","175","175","175","","","","","",""
"870","","","","","","","","","","","","","3.1888904132761264","3.1888904132761264","3.1888904132761264","177","177","177","","","","","",""
"880","","","","","","","","","","","","","3.1941793428347443","3.1941793428347443","3.1941793428347443","179","179","179","","","","","",""
"890","","","","","","","","","","","","","3.195652445538575","3.195652445538575","3.195652445538575","181","181","181","","","","","",""
"900","","","","","","","","","","","","","3.1880987671468266","3.1880987671468266","3.1880987671468266","183","183","183","","","","","",""
"910","","","","","","","","","","","","","3.1900440479028473","3.1900440479028473","3.1900440479028473","185","185","185","","","","","",""
"920","","","","","","","","","","","","","3.189533657852553","3.189533657852553","3.189533657852553","187","187","187","","","","","",""
"930","","","","","","","","","","","","","3.1897471812579714","3.1897471812579714","3.1897471812579714","189","189","189","","","","","",""
"940","","","","","","","","","","","","","3.190537306119235","3.190537306119235","3.190537306119235","191","191","191","","","","","",""
"950","","","","","","","","","","","","","3.191510278388171","3.191510278388171","3.191510278388171","193","193","193","","","","","",""
"960","","","","","","","","","","","","","3.183307374481238","3.183307374481238","3.183307374481238","195","195","195","","","","","",""
"970","","","","","","","","","","","","","3.1817712995087","3.1817712995087","3.1817712995087","197","197","197","","","","","",""
"980","","","","","","","","","","","","","3.1803720855124196","3.1803720855124196","3.1803720855124196","199","199","199","","","","","",""
"990","","","","","","","","","","","","","3.1825481566852987","3.1825481566852987","3.1825481566852987","201","201","201","","","","","",""
"1000","","","","","","","","","","","","","2.864293341016769","2.864293341016769","2.864293341016769","204","204","204","","","","","",""
"1010","","","","","","","","","","","","","2.8948164071226117","2.8948164071226117","2.8948164071226117","206","206","206","","","","","",""
"1020","","","","","","","","","","","","","2.926843784354687","2.926843784354687","2.926843784354687","208","208","208","","","","","",""
"1030","","","","","","","","","","","","","2.955281270238066","2.955281270238066","2.955281270238066","210","210","210","","","","","",""
"1040","","","","","","","","","","","","","2.9711722487440446","2.9711722487440446","2.9711722487440446","212","212","212","","","","","",""
"1050","","","","","","","","","","","","","2.998804894169933","2.998804894169933","2.998804894169933","214","214","214","","","","","",""
"1060","","","","","","","","","","","","","3.019827610624522","3.019827610624522","3.019827610624522","216","216","216","","","","","",""
"1070","","","","","","","","","","","","","3.0332603845352146","3.0332603845352146","3.0332603845352146","218","218","218","","","","","",""
"1080","","","","","","","","","","","","","3.0520253342408727","3.0520253342408727","3.0520253342408727","220","220","220","","","","","",""
"1090","","","","","","","","","","","","","3.061665635289442","3.061665635289442","3.061665635289442","222","222","222","","","","","",""
"1100","","","","","","","","","","","","","3.075457224531494","3.075457224531494","3.075457224531494","224","224","224","","","","","",""
"1110","","","","","","","","","","","","","3.0880096542389888","3.0880096542389888","3.0880096542389888","226","226","226","","","","","",""
"1120","","","","","","","","","","","","","3.096266107638332","3.096266107638332","3.096266107638332","228","228","228","","","","","",""
"1130","","","","","","","","","","","","","3.1099986048456905","3.1099986048456905","3.1099986048456905","230","230","230","","","","","",""
"1140","","","","","","","","","","","","","3.111581675879676","3.111581675879676","3.111581675879676","232","232","232","","","","","",""
"1150","","","","","","","","","","","","","3.126125260000693","3.126125260000693","3.126125260000693","234","234","234","","","","","",""
"1160","","","","","","","","","","","","","3.130947540824354","3.130947540824354","3.130947540824354","236","236","236","","","","","",""
"1170","","","","","","","","","","","","","3.1355085599047605","3.1355085599047605","3.1355085599047605","238","238","238","","","","","",""
"1180","","","","","","","","","","","","","3.1431534589191674","3.1431534589191674","3.1431534589191674","240","240","240","","","","","",""
"1190","","","","","","","","","","","","","3.149118073659575","3.149118073659575","3.149118073659575","242","242","242","","","","","",""
"1200","","","","","","","","","","","","","3.1542151163912737","3.1542151163912737","3.1542151163912737","244","244","244","","","","","",""
"1210","","","","","","","","","","","","","3.160266878983103","3.160266878983103","3.160266878983103","246","246","246","","","","","",""
"1220","","","","","","","","","","","","","3.1634421182698516","3.1634421182698516","3.1634421182698516","248","248","248","","","","","",""
"1230","","","","","","","","","","","","","3.172246412607417","3.172246412607417","3.172246412607417","250","250","250","","","","","",""
"1240","","","","","","","","","","","","","3.174923008834468","3.174923008834468","3.174923008834468","252","252","252","","","","","",""
"1250","","","","","","","","","","","","","3.1783953304485797","3.1783953304485797","3.1783953304485797","254","254","254","","","","","",""
"1260","","","","","","","","","","","","","3.180900836771398","3.180900836771398","3.180900836771398","256","256","256","","","","","",""
"1270","","","","","","","","","","","","","3.174380691753926","3.174380691753926","3.174380691753926","258","258","258","","","","","",""
"1280","","","","","","","","","","","","","3.178090579426678","3.178090579426678","3.178090579426678","260","260","260","","","","","",""
"1290","","","","","","","","","","","","","3.18543101946985","3.18543101946985","3.18543101946985","262","262","262","","","","","",""
"1300","","","","","","","","","","","","","3.184308857922035","3.184308857922035","3.184308857922035","264","264","264","","","","","",""
"1310","","","","","","","","","","","","","3.1837888150253395","3.1837888150253395","3.1837888150253395","266","266","266","","","","","",""
"1320","","","","","","","","","","","","","3.189038588002786","3.189038588002786","3.189038588002786","268","268","268","","","","","",""
"1330","","","","","","","","","","","","","3.1957636583406908","3.1957636583406908","3.1957636583406908","270","270","270","","","","","",""
"1340","","","","","","","","","","","","","3.193964754512237","3.193964754512237","3.193964754512237","272","272","272","","","","","",""
"1350","","","","","","","","","","","","","3.1927838399740995","3.1927838399740995","3.1927838399740995","274","274","274","","","","","",""
"1360","","","","","","","","","","","","","3.190839116102422","3.190839116102422","3.190839116102422","276","276","276","","","","","",""
"1370","","","","","","","","","","","","","3.197048249536125","3.197048249536125","3.197048249536125","278","278","278","","","","","",""
"1380","","","","","","","","","","","","","3.195217379355462","3.195217379355462","3.195217379355462","280","280","280","","","","","",""
"1390","","","","","","","","","","","","","3.1954168251967716","3.1954168251967716","3.1954168251967716","282","282","282","","","","","",""
"1400","","","","","","","","","","","","","3.1967657600476995","3.1967657600476995","3.1967657600476995","284","284","284","","","","","",""
"1410","","","","","","","","","","","","","3.194227665183066","3.194227665183066","3.194227665183066","286","286","286","","","","","",""
"1420","","","","","","","","","","","","","3.2004878439162243","3.2004878439162243","3.2004878439162243","288","288","288","","","","","",""
"1430","","","","","","","","","","","","","3.200803210525579","3.200803210525579","3.200803210525579","290","290","290","","","","","",""
"1440","","","","","","","","","","","","","3.2010378690262438","3.2010378690262438","3.2010378690262438","292","292","292","","","","","",""
"1450","","","","","","","","","","","","","3.2028129349678576","3.2028129349678576","3.2028129349678576","294","294","294","","","","","",""
"1460","","","","","","","","","","","","","3.2001525101539334","3.2001525101539334","3.2001525101539334","296","296","296","","","","","",""
"1470","","","","","","","","","","","","","3.193686243666128","3.193686243666128","3.193686243666128","298","298","298","","","","","",""
"1480","","","","","","","","","","","","","3.1864816589113314","3.1864816589113314","3.1864816589113314","300","300","300","","","","","",""
"1490","","","","","","","","","","","","","3.185604298379085","3.185604298379085","3.185604298379085","302","302","302","","","","","",""
"1500","","","","","","","","","","","","","2.8670438685411765","2.8670438685411765","2.8670438685411765","305","305","305","","","","","",""
"1510","","","","","","","","","","","","","2.9016141627783676","2.9016141627783676","2.9016141627783676","307","307","307","","","","","",""
"1520","","","","","","","","","","","","","2.929829383005658","2.929829383005658","2.929829383005658","309","309","309","","","","","",""
"1530","","","","","","","","","","","","","2.959152200320327","2.959152200320327","2.959152200320327","311","311","311","","","","","",""
"1540","","","","","","","","","","","","","2.983800487368373","2.983800487368373","2.983800487368373","313","313","313","","","","","",""
"1550","","","","","","","","","","","","","3.003616601809026","3.003616601809026","3.003616601809026","315","315","315","","","","","",""
"1560","","","","","","","","","","","","","3.0131382881857403","3.0131382881857403","3.0131382881857403","317","317","317","","","","","",""
"1570","","","","","","","","","","","","","3.0283447306684357","3.0283447306684357","3.0283447306684357","319","319","319","","","","","",""
"1580","","","","","","","","","","","","","3.0400989760158987","3.0400989760158987","3.0400989760158987","321","321","321","","","","","",""
"1590","","","","","","","","","","","","","3.0488356222985864","3.0488356222985864","3.0488356222985864","323","323","323","","","","","",""
"1600","","","","","","","","","","","","","3.05815640958655","3.05815640958655","3.05815640958655","325","325","325","","","","","",""
"1610","","","","","","","","","","","","","3.0638268793151506","3.0638268793151506","3.0638268793151506","327","327","327","","","","","",""
"1620","","","","","","","","","","","","","3.07669216196469","3.07669216196469","3.07669216196469","329","329","329","","","","","",""
"1630","","","","","","","","","","","","","3.0843874210184654","3.0843874210184654","3.0843874210184654","331","331","331","","","","","",""
"1640","","","","","","","","","","","","","3.0891205615460136","3.0891205615460136","3.0891205615460136","333","333","333","","","","","",""
"1650","","","","","","","","","","","","","3.0920500886433655","3.0920500886433655","3.0920500886433655","335","335","335","","","","","",""
"1660","","","","","","","","","","","","","3.1008830283874276","3.1008830283874276","3.1008830283874276","337","337","337","","","","","",""
"1670","","","","","","","","","","","","","3.1086846257562044","3.1086846257562044","3.1086846257562044","339","339","339","","","","","",""
"1680","","","","","","","","","","","","","3.1194632731659357","3.1194632731659357","3.1194632731659357","341","341","341","","","","","",""
"1690","","","","","","","","","","","","","3.1241352357968517","3.1241352357968517","3.1241352357968517","343","343","343","","","","","",""
"1700","","","","","","","","","","","","","3.1194689427469515","3.1194689427469515","3.1194689427469515","345","345","345","","","","","",""
"1710","","","","","","","","","","","","","3.112434081553311","3.112434081553311","3.112434081553311","347","347","347","","","","","",""
"1720","","","","","","","","","","","","","3.1181460490693667","3.1181460490693667","3.1181460490693667","349","349","349","","","","","",""
"1730","","","","","","","","","","","","","3.130485268014969","3.130485268014969","3.130485268014969","351","351","351","","","","","",""
"1740","","","","","","","","","","","","","3.138455952028902","3.138455952028902","3.138455952028902","353","353","353","","","","","",""
"1750","","","","","","","","","","","","","3.140686730879967","3.140686730879967","3.140686730879967","355","355","355","","","","","",""
"1760","","","","","","","","","","","","","3.144106346671365","3.144106346671365","3.144106346671365","357","357","357","","","","","",""
"1770","","","","","","","","","","","","","3.141081992064043","3.141081992064043","3.141081992064043","359","359","359","","","","","",""
"1780","","","","","","","","","","","","","3.145619289226047","3.145619289226047","3.145619289226047","361","361","361","","","","","",""
"1790","","","","","","","","","","","","","3.1520848108649657","3.1520848108649657","3.1520848108649657","363","363","363","","","","","",""
"1800","","","","","","","","","","","","","3.147205900548733","3.147205900548733","3.147205900548733","365","365","365","","","","","",""
"1810","","","","","","","","","","","","","3.1497530145038692","3.1497530145038692","3.1497530145038692","367","367","367","","","","","",""
"1820","","","","","","","","","","","","","3.1440820457866367","3.1440820457866367","3.1440820457866367","369","369","369","","","","","",""
"1830","","","","","","","","","","","","","3.1490203644928854","3.1490203644928854","3.1490203644928854","371","371","371","","","","","",""
"1840","","","","","","","","","","","","","3.1540925216165947","3.1540925216165947","3.1540925216165947","373","373","373","","","","","",""
"1850","","","","","","","","","","","","","3.156838596298197","3.156838596298197","3.156838596298197","375","375","375","","","","","",""
"1860","","","","","","","","","","","","","3.1584023753707697","3.1584023753707697","3.1584023753707697","377","377","377","","","","","",""
"1870","","","","","","","","","","","","","3.149257122269728","3.149257122269728","3.149257122269728","379","379","379","","","","","",""
"1880","","","","","","","","","","","","","3.1508374525232243","3.1508374525232243","3.1508374525232243","381","381","381","","","","","",""
"1890","","","","","","","","","","","","","3.150435942988675","3.150435942988675","3.150435942988675","383","383","383","","","","","",""
"1900","","","","","","","","","","","","","3.153280398769153","3.153280398769153","3.153280398769153","385","385","385","","","","","",""
"1910","","","","","","","","","","","","","3.1617381407525893","3.1617381407525893","3.1617381407525893","387","387","387","","","","","",""
"1920","","","","","","","","","","","","","3.158948573503502","3.158948573503502","3.158948573503502","389","389","389","","","","","",""
"1930","","","","","","","","","","","","","3.165572370022781","3.165572370022781","3.165572370022781","391","391","391","","","","","",""
"1940","","","","","","","","","","","","","3.1584502145024365","3.1584502145024365","3.1584502145024365","393","393","393","","","","","",""
"1950","","","","","","","","","","","","","3.1570910481547316","3.1570910481547316","3.1570910481547316","395","395","395","","","","","",""
"1960","","","","","","","","","","","","","3.1593579031170904","3.1593579031170904","3.1593579031170904","397","397","397","","","","","",""
"1970","","","","","","","","","","","","","3.15520008598043","3.15520008598043","3.15520008598043","399","399","399","","","","","",""
"1980","","","","","","","","","","","","","3.148243138142885","3.148243138142885","3.148243138142885","401","401","401","","","","","",""
"1990","","","","","","","","","","","","","3.15180955614012","3.15180955614012","3.15180955614012","403","403","403","","","","","",""
"2000","","","","","","","","","","","","","2.836628600526108","2.836628600526108","2.836628600526108","406","406","406","","","","","",""
"2010","","","","","","","","","","","","","2.8717268030955676","2.8717268030955676","2.8717268030955676","408","408","408","","","","","",""
"2020","","","","","","","","","","","","","2.9016848600906986","2.9016848600906986","2.9016848600906986","410","410","410","","","","","",""
"2030","","","","","","","","","","","","","2.9203923353853396","2.9203923353853396","2.9203923353853396","412","412","412","","","","","",""
"2040","","","","","","","","","","","","","2.946913511392704","2.946913511392704","2.946913511392704","414","414","414","","","","","",""
"2050","","","","","","","","","","","","","2.9721979178523106","2.9721979178523106","2.9721979178523106","416","416","416","","","","","",""
"2060","","","","","","","","","","","","","2.994446204680361","2.994446204680361","2.994446204680361","418","418","418","","","","","",""
"2070","","","","","","","","","","","","","3.007314377944015","3.007314377944015","3.007314377944015","420","420","420","","","","","",""
"2080","","","","","","","","","","","","","3.023790257501908","3.023790257501908","3.023790257501908","422","422","422","","","","","",""
"2090","","","","","","","","","","","","","3.03603924154786","3.03603924154786","3.03603924154786","424","424","424","","","","","",""
"2100","","","","","","","","","","","","","3.0461209253032306","3.0461209253032306","3.0461209253032306","426","426","426","","","","","",""
"2110","","","","","","","","","","","","","3.058834119638142","3.058834119638142","3.058834119638142","428","428","428","","","","","",""
"2120","","","","","","","","","","","","","3.0705384266379507","3.0705384266379507","3.0705384266379507","430","430","430","","","","","",""
"2130","","","","","","","","","","","","","3.0842812072041363","3.0842812072041363","3.0842812072041363","432","432","432","","","","","",""
"2140","","","","","","","","","","","","","3.08291905022884","3.08291905022884","3.08291905022884","434","434","434","","","","","",""
"2150","","","","","","","","","","","","","3.0842882856478506","3.0842882856478506","3.0842882856478506","436","436","436","","","","","",""
"2160","","","","","","","","","","","","","3.098353544302304","3.098353544302304","3.098353544302304","438","438","438","","","","","",""
"2170","","","","","","","","","","","","","3.1054502577431675","3.1054502577431675","3.1054502577431675","440","440","440","","","","","",""
"2180","","","","","","","","","","","","","3.1039219556016633","3.1039219556016633","3.1039219556016633","442","442","442","","","","","",""
"2190","","","","","","","","","","","","","3.1100425354626395","3.1100425354626395","3.1100425354626395","444","444","444","","","","","",""
"2200","","","","","","","","","","","","","3.1123702864634946","3.1123702864634946","3.1123702864634946","446","446","446","","","","","",""
"2210","","","","","","","","","","","","","3.1182183713425355","3.1182183713425355","3.1182183713425355","448","448","448","","","","","",""
"2220","","","","","","","","","","","","","3.1294509241618953","3.1294509241618953","3.1294509241618953","450","450","450","","","","","",""
"2230","","","","","","","","","","","","","3.126198863056741","3.126198863056741","3.126198863056741","452","452","452","","","","","",""
"2240","","","","","","","","","","","","","3.1239437571770927","3.1239437571770927","3.1239437571770927","454","454","454","","","","","",""
"2250","","","","","","","","","","","","","3.1290747682696862","3.1290747682696862","3.1290747682696862","456","456","456","","","","","",""
"2260","","","","","","","","","","","","","3.137755578796233","3.137755578796233","3.137755578796233","458","458","458","","","","","",""
"2270","","","","","","","","","","","","","3.144976648724227","3.144976648724227","3.144976648724227","460","460","460","","","","","",""
"2280","","","","","","","","","","","","","3.1415359601701636","3.1415359601701636","3.1415359601701636","462","462","462","","","","","",""
"2290","","","","","","","","","","","","","3.1372303103201395","3.1372303103201395","3.1372303103201395","464","464","464","","","","","",""
"2300","","","","","","","","","","","","","3.1399048508518463","3.1399048508518463","3.1399048508518463","466","466","466","","","","","",""
"2310","","","","","","","","","","","","","3.146300298689025","3.146300298689025","3.146300298689025","468","468","468","","","","","",""
"2320","","","","","","","","","","","","","3.1413830030425345","3.1413830030425345","3.1413830030425345","470","470","470","","","","","",""
"2330","","","","","","","","","","","","","3.143456574839111","3.143456574839111","3.143456574839111","472","472","472","","","","","",""
"2340","","","","","","","","","","","","","3.1459379284635984","3.1459379284635984","3.1459379284635984","474","474","474","","","","","",""
"2350","","","","","","","","","","","","","3.1429170878877466","3.1429170878877466","3.1429170878877466","476","476","476","","","","","",""
"2360","","","","","","","","","","","","","3.149463544382175","3.149463544382175","3.149463544382175","478","478","478","","","","","",""
"2370","","","","","","","","","","","","","3.145058476412463","3.145058476412463","3.145058476412463","480","480","480","","","","","",""
"2380","","","","","","","","","","","","","3.1498840267814705","3.1498840267814705","3.1498840267814705","482","482","482","","","","","",""
"2390","","","","","","","","","","","","","3.1457541407964387","3.1457541407964387","3.1457541407964387","484","484","484","","","","","",""
"2400","","","","","","","","","","","","","3.1520826573808574","3.1520826573808574","3.1520826573808574","486","486","486","","","","","",""
"2410","","","","","","","","","","","","","3.1515096112167464","3.1515096112167464","3.1515096112167464","488","488","488","","","","","",""
"2420","","","","","","","","","","","","","3.1528755072422885","3.1528755072422885","3.1528755072422885","490","490","490","","","","","",""
"2430","","","","","","","","","","","","","3.157301205724602","3.157301205724602","3.157301205724602","492","492","492","","","","","",""
"2440","","","","","","","","","","","","","3.158754350838177","3.158754350838177","3.158754350838177","494","494","494","","","","","",""
"2450","","","","","","","","","","","","","3.1557835597668102","3.1557835597668102","3.1557835597668102","496","496","496","","","","","",""
"2460","","","","","","","","","","","","","3.1579674833006273","3.1579674833006273","3.1579674833006273","498","498","498","","","","","",""
"2470","","","","","","","","","","","","","3.157078571884627","3.157078571884627","3.157078571884627","500","500","500","","","","","",""
"2480","","","","","","","","","","","","","3.154177378209348","3.154177378209348","3.154177378209348","502","502","502","","","","","",""
"2490","","","","","","","","","","","","","3.15163262241356","3.15163262241356","3.15163262241356","504","504","504","","","","","",""
"2500","","","","","","","","","","","","","2.836469360172204","2.836469360172204","2.836469360172204","507","507","507","","","","","",""
"2510","","","","","","","","","","","","","2.8720230161959996","2.8720230161959996","2.8720230161959996","509","509","509","","","","","",""
"2520","","","","","","","","","","","","","2.8996384483410482","2.8996384483410482","2.8996384483410482","511","511","511","","","","","",""
"2530","","","","","","","","","","","","","2.925161454245469","2.925161454245469","2.925161454245469","513","513","513","","","","","",""
"2540","","","","","","","","","","","","","2.9540884087965082","2.9540884087965082","2.9540884087965082","515","515","515","","","","","",""
"2550","","","","","","","","","","","","","2.9764590135650506","2.9764590135650506","2.9764590135650506","517","517","517","","","","","",""
"2560","","","","","","","","","","","","","2.9963418368789556","2.9963418368789556","2.9963418368789556","519","519","519","","","","","",""
"2570","","","","","","","","","","","","","3.0048669091725055","3.0048669091725055","3.0048669091725055","521","521","521","","","","","",""
"2580","","","","","","","","","","","","","3.0249216000911927","3.0249216000911927","3.0249216000911927","523","523","523","","","","","",""
"2590","","","","","","","","","","","","","3.0413271070132257","3.0413271070132257","3.0413271070132257","525","525","525","","","","","",""
"2600","","","","","","","","","","","","","3.0532776940413955","3.0532776940413955","3.0532776940413955","527","527","527","","","","","",""
"2610","","","","","","","","","","","","","3.071061611343799","3.071061611343799","3.071061611343799","529","529","529","","","","","",""
"2620","","","","","","","","","","","","","3.079362516554634","3.079362516554634","3.079362516554634","531","531","531","","","","","",""
"2630","","","","","","","","","","","","","3.088655764716065","3.088655764716065","3.088655764716065","533","533","533","","","","","",""
"2640","","","","","","","","","","","","","3.0921028484617437","3.0921028484617437","3.0921028484617437","535","535","535","","","","","",""
"2650","","","","","","","","","","","","","3.095620835099944","3.095620835099944","3.095620835099944","537","537","537","","","","","",""
"2660","","","","","","","","","","","","","3.111093541629012","3.111093541629012","3.111093541629012","539","539","539","","","","","",""
"2670","","","","","","","","","","","","","3.1140095132412573","3.1140095132412573","3.1140095132412573","541","541","541","","","","","",""
"2680","","","","","","","","","","","","","3.123665461941546","3.123665461941546","3.123665461941546","543","543","543","","","","","",""
"2690","","","","","","","","","","","","","3.123598720434891","3.123598720434891","3.123598720434891","545","545","545","","","","","",""
"2700","","","","","","","","","","","","","3.122740904513228","3.122740904513228","3.122740904513228","547","547","547","","","","","",""
"2710","","","","","","","","","","","","","3.123718862554337","3.123718862554337","3.123718862554337","549","549","549","","","","","",""
"2720","","","","","","","","","","","","","3.1254000730701437","3.1254000730701437","3.1254000730701437","551","551","551","","","","","",""
"2730","","","","","","","","","","","","","3.1320676577736273","3.1320676577736273","3.1320676577736273","553","553","553","","","","","",""
"2740","","","","","","","","","","","","","3.1394125735148193","3.1394125735148193","3.1394125735148193","555","555","555","","","","","",""
"2750","","","","","","","","","","","","","3.135160342042244","3.135160342042244","3.135160342042244","557","557","557","","","","","",""
"2760","","","","","","","","","","","","","3.134843732581672","3.134843732581672","3.134843732581672","559","559","559","","","","","",""
"2770","","","","","","","","","","","","","3.1375476756687197","3.1375476756687197","3.1375476756687197","561","561","561","","","","","",""
"2780","","","","","","","","","","","","","3.1364176296289474","3.1364176296289474","3.1364176296289474","563","563","563","","","","","",""
"2790","","","","","","","","","","","","","3.1384510871555547","3.1384510871555547","3.1384510871555547","565","565","565","","","","","",""
"2800","","","","","","","","","","","","","3.137604235123349","3.137604235123349","3.137604235123349","567","567","567","","","","","",""
"2810","","","","","","","","","","","","","3.137746571163016","3.137746571163016","3.137746571163016","569","569","569","","","","","",""
"2820","","","","","","","","","","","","","3.136312307113121","3.136312307113121","3.136312307113121","571","571","571","","","","","",""
"2830","","","","","","","","","","","","","3.136222870225051","3.136222870225051","3.136222870225051","573","573","573","","","","","",""
"2840","","","","","","","","","","","","","3.1355145922967846","3.1355145922967846","3.1355145922967846","575","575","575","","","","","",""
"2850","","","","","","","","","","","","","3.137203191966032","3.137203191966032","3.137203191966032","577","577","577","","","","","",""
"2860","","","","","","","","","","","","","3.144869477078511","3.144869477078511","3.144869477078511","579","579","579","","","","","",""
"2870","","","","","","","","","","","","","3.1516615210698786","3.1516615210698786","3.1516615210698786","581","581","581","","","","","",""
"2880","","","","","","","","","","","","","3.152679183965332","3.152679183965332","3.152679183965332","583","583","583","","","","","",""
"2890","","","","","","","","","","","","","3.145529170231885","3.145529170231885","3.145529170231885","585","585","585","","","","","",""
"2900","","","","","","","","","","","","","3.1512269551129934","3.1512269551129934","3.1512269551129934","587","587","587","","","","","",""
"2910","","","","","","","","","","","","","3.150435772052866","3.150435772052866","3.150435772052866","589","589","589","","","","","",""
"2920","","","","","","","","","","","","","3.151432500938888","3.151432500938888","3.151432500938888","591","591","591","","","","","",""
"2930","","","","","","","","","","","","","3.1488815283718545","3.1488815283718545","3.1488815283718545","593","593","593","","","","","",""
"2940","","","","","","","","","","","","","3.1536805131384287","3.1536805131384287","3.1536805131384287","595","595","595","","","","","",""
"2950","","","","","","","","","","","","","3.1520132522298594","3.1520132522298594","3.1520132522298594","597","597","597","","","","","",""
"2960","","","","","","","","","","","","","3.1543829185229866","3.1543829185229866","3.1543829185229866","599","599","599","","","","","",""
"2970","","","","","","","","","","","","","3.148470364433139","3.148470364433139","3.148470364433139","601","601","601","","","","","",""
"2980","","","","","","","","","","","","","3.154776091356524","3.154776091356524","3.154776091356524","603","603","603","","","","","",""
"2990","","","","","","","","","","","","","3.157116036694749","3.157116036694749","3.157116036694749","605","605","605","","","","","",""
"3000","","","","","","","","","","","","","2.841404433025274","2.841404433025274","2.841404433025274","608","608","608","","","","","",""
"3010","","","","","","","","","","","","","2.871555772101897","2.871555772101897","2.871555772101897","610","610","610","","","","","",""
"3020","","","","","","","","","","","","","2.908436754950301","2.908436754950301","2.908436754950301","612","612","612","","","","","",""
"3030","","","","","","","","","","","","","2.933588753588572","2.933588753588572","2.933588753588572","614","614","614","","","","","",""
"3040","","","","","","","","","","","","","2.9564158485361114","2.9564158485361114","2.9564158485361114","616","616","616","","","","","",""
"3050","","","","","","","","","","","","","2.975617155375615","2.975617155375615","2.975617155375615","618","618","618","","","","","",""
"3060","","","","","","","","","","","","","2.994184914477946","2.994184914477946","2.994184914477946","620","620","620","","","","","",""
"3070","","","","","","","","","","","","","3.019265095515503","3.019265095515503","3.019265095515503","622","622","622","","","","","",""
"3080","","","","","","","","","","","","","3.030331997981775","3.030331997981775","3.030331997981775","624","624","624","","","","","",""
"3090","","","","","","","","","","","","","3.04038103542725","3.04038103542725","3.04038103542725","626","626","626","","","","","",""
"3100","","","","","","","","","","","","","3.0482220899045447","3.0482220899045447","3.0482220899045447","628","628","628","","","","","",""
"3110","","","","","","","","","","","","","3.058454564599393","3.058454564599393","3.058454564599393","630","630","630","","","","","",""
"3120","","","","","","","","","","","","","3.059614628006397","3.059614628006397","3.059614628006397","632","632","632","","","","","",""
"3130","","","","","","","","","","","","","3.0686304486835407","3.0686304486835407","3.0686304486835407","634","634","634","","","","","",""
"3140","","","","","","","","","","","","","3.082319695685304","3.082319695685304","3.082319695685304","636","636","636","","","","","",""
"3150","","","","","","","","","","","","","3.0897706713682385","3.0897706713682385","3.0897706713682385","638","638","638","","","","","",""
"3160","","","","","","","","","","","","","3.0970738166337584","3.0970738166337584","3.0970738166337584","640","640","640","","","","","",""
"3170","","","","","","","","","","","","","3.0993436879305873","3.0993436879305873","3.0993436879305873","642","642","642","","","","","",""
"3180","","","","","","","","","","","","","3.1064023649444135","3.1064023649444135","3.1064023649444135","644","644","644","","","","","",""
"3190","","","","","","","","","","","","","3.1138946624770716","3.1138946624770716","3.1138946624770716","646","646","646","","","","","",""
"3200","","","","","","","","","","","","","3.1149785314954777","3.1149785314954777","3.1149785314954777","648","648","648","","","","","",""
"3210","","","","","","","","","","","","","3.118759799744856","3.118759799744856","3.118759799744856","650","650","650","","","","","",""
"3220","","","","","","","","","","","","","3.121401279639755","3.121401279639755","3.121401279639755","652","652","652","","","","","",""
"3230","","","","","","","","","","","","","3.120721188907225","3.120721188907225","3.120721188907225","654","654","654","","","","","",""
"3240","","","","","","","","","","","","","3.1178133461395494","3.1178133461395494","3.1178133461395494","656","656","656","","","","","",""
"3250","","","","","","","","","","","","","3.121248533742391","3.121248533742391","3.121248533742391","658","658","658","","","","","",""
"3260","","","","","","","","","","","","","3.125582000985828","3.125582000985828","3.125582000985828","660","660","660","","","","","",""
"3270","","","","","","","","","","","","","3.125429959334511","3.125429959334511","3.125429959334511","662","662","662","","","","","",""
"3280","","","","","","","","","","","","","3.1277828984596536","3.1277828984596536","3.1277828984596536","664","664","664","","","","","",""
"3290","","","","","","","","","","","","","3.1247164082352703","3.1247164082352703","3.1247164082352703","666","666","666","","","","","",""
"3300","","","","","","","","","","","","","3.124587125047241","3.124587125047241","3.124587125047241","668","668","668","","","","","",""
"3310","","","","","","","","","","","","","3.1206304762937376","3.1206304762937376","3.1206304762937376","670","670","670","","","","","",""
"3320","","","","","","","","","","","","","3.1253608513633386","3.1253608513633386","3.1253608513633386","672","672","672","","","","","",""
"3330","","","","","","","","","","","","","3.1342648144447782","3.1342648144447782","3.1342648144447782","674","674","674","","","","","",""
"3340","","","","","","","","","","","","","3.1333911856309156","3.1333911856309156","3.1333911856309156","676","676","676","","","","","",""
"3350","","","","","","","","","","","","","3.1387259066369158","3.1387259066369158","3.1387259066369158","678","678","678","","","","","",""
"3360","","","","","","","","","","","","","3.145039282464923","3.145039282464923","3.145039282464923","680","680","680","","","","","",""
"3370","","","","","","","","","","","","","3.146703891358323","3.146703891358323","3.146703891358323","682","682","682","","","","","",""
"3380","","","","","","","","","","","","","3.149092332483721","3.149092332483721","3.149092332483721","684","684","684","","","","","",""
"3390","","","","","","","","","","","","","3.149452111686521","3.149452111686521","3.149452111686521","686","686","686","","","","","",""
"3400","","","","","","","","","","","","","3.147181995122361","3.147181995122361","3.147181995122361","688","688","688","","","","","",""
"3410","","","","","","","","","","","","","3.14563790983742","3.14563790983742","3.14563790983742","690","690","690","","","","","",""
"3420","","","","","","","","","","","","","3.1411573364745276","3.1411573364745276","3.1411573364745276","692","692","692","","","","","",""
"3430","","","","","","","","","","","","","3.137070670820239","3.137070670820239","3.137070670820239","694","694","694","","","","","",""
"3440","","","","","","","","","","","","","3.1357362691434885","3.1357362691434885","3.1357362691434885","696","696","696","","","","","",""
"3450","","","","","","","","","","","","","3.139316973436415","3.139316973436415","3.139316973436415","698","698","698","","","","","",""
"3460","","","","","","","","","","","","","3.1380354225771487","3.1380354225771487","3.1380354225771487","700","700","700","","","","","",""
"3470","","","","","","","","","","","","","3.140553386819678","3.140553386819678","3.140553386819678","702","702","702","","","","","",""
"3480","","","","","","","","","","","","","3.138948380779312","3.138948380779312","3.138948380779312","704","704","704","","","","","",""
"3490","","","","","","","","","","","","","3.137799228278774","3.137799228278774","3.137799228278774","706","706","706","","","","","",""
"3500","","","","","","","","","","","","","2.8240193054508964","2.8240193054508964","2.8240193054508964","709","709","709","","","","","",""
"3510","","","","","","","","","","","","","2.850740337857467","2.850740337857467","2.850740337857467","711","711","711","","","","","",""
"3520","","","","","","","","","","","","","2.8785104851325114","2.8785104851325114","2.8785104851325114","713","713","713","","","","","",""
"3530","","","","","","","","","","","","","2.899220456516721","2.899220456516721","2.899220456516721","715","715","715","","","","","",""
"3540","","","","","","","","","","","","","2.9279174904548926","2.9279174904548926","2.9279174904548926","717","717","717","","","","","",""
"3550","","","","","","","","","","","","","2.954508599685771","2.954508599685771","2.954508599685771","719","719","719","","","","","",""
"3560","","","","","","","","","","","","","2.9734492764298404","2.9734492764298404","2.9734492764298404","721","721","721","","","","","",""
"3570","","","","","","","","","","","","","2.9939330803237216","2.9939330803237216","2.9939330803237216","723","723","723","","","","","",""
"3580","","","","","","","","","","","","","3.00945088984506","3.00945088984506","3.00945088984506","725","725","725","","","","","",""
"3590","","","","","","","","","","","","","3.0247466837340893","3.0247466837340893","3.0247466837340893","727","727","727","","","","","",""
"3600","","","","","","","","","","","","","3.0355027206219107","3.0355027206219107","3.0355027206219107","729","729","729","","","","","",""
"3610","","","","","","","","","","","","","3.0437173945436062","3.0437173945436062","3.0437173945436062","731","731","731","","","","","",""
"3620","","","","","","","","","","","","","3.0498378273304567","3.0498378273304567","3.0498378273304567","733","733","733","","","","","",""
"3630","","","","","","","","","","","","","3.0643708178212883","3.0643708178212883","3.0643708178212883","735","735","735","","","","","",""
"3640","","","","","","","","","","","","","3.0738896228799795","3.0738896228799795","3.0738896228799795","737","737","737","","","","","",""
"3650","","","","","","","","","","","","","3.074517494851015","3.074517494851015","3.074517494851015","739","739","739","","","","","",""
"3660","","","","","","","","","","","","","3.0805832967880327","3.0805832967880327","3.0805832967880327","741","741","741","","","","","",""
"3670","","","","","","","","","","","","","3.082791118537452","3.082791118537452","3.082791118537452","743","743","743","","","","","",""
"3680","","","","","","","","","","","","","3.0883697337344884","3.0883697337344884","3.0883697337344884","745","745","745","","","","","",""
"3690","","","","","","","","","","","","","3.0908886754306195","3.0908886754306195","3.0908886754306195","747","747","747","","","","","",""
"3700","","","","","","","","","","","","","3.095808749537948","3.095808749537948","3.095808749537948","749","749","749","","","","","",""
"3710","","","","","","","","","","","","","3.098130988903001","3.098130988903001","3.098130988903001","751","751","751","","","","","",""
"3720","","","","","","","","","","","","","3.10787418350025","3.10787418350025","3.10787418350025","753","753","753","","","","","",""
"3730","","","","","","","","","","","","","3.1114151495496394","3.1114151495496394","3.1114151495496394","755","755","755","","","","","",""
"3740","","","","","","","","","","","","","3.1187339274108377","3.1187339274108377","3.1187339274108377","757","757","757","","","","","",""
"3750","","","","","","","","","","","","","3.125479843141434","3.125479843141434","3.125479843141434","759","759","759","","","","","",""
"3760","","","","","","","","","","","","","3.131255814363179","3.131255814363179","3.131255814363179","761","761","761","","","","","",""
"3770","","","","","","","","","","","","","3.1315757056441464","3.1315757056441464","3.1315757056441464","763","763","763","","","","","",""
"3780","","","","","","","","","","","","","3.128308061990132","3.128308061990132","3.128308061990132","765","765","765","","","","","",""
"3790","","","","","","","","","","","","","3.1323243512806203","3.1323243512806203","3.1323243512806203","767","767","767","","","","","",""
"3800","","","","","","","","","","","","","3.131401810714326","3.131401810714326","3.131401810714326","769","769","769","","","","","",""
"3810","","","","","","","","","","","","","3.131609102787425","3.131609102787425","3.131609102787425","771","771","771","","","","","",""
"3820","","","","","","","","","","","","","3.130952007205948","3.130952007205948","3.130952007205948","773","773","773","","","","","",""
"3830","","","","","","","","","","","","","3.1319207942172866","3.1319207942172866","3.1319207942172866","775","775","775","","","","","",""
"3840","","","","","","","","","","","","","3.1418419655279797","3.1418419655279797","3.1418419655279797","777","777","777","","","","","",""
"3850","","","","","","","","","","","","","3.1465057685479354","3.1465057685479354","3.1465057685479354","779","779","779","","","","","",""
"3860","","","","","","","","","","","","","3.1497419066284444","3.1497419066284444","3.1497419066284444","781","781","781","","","","","",""
"3870","","","","","","","","","","","","","3.147158443962426","3.147158443962426","3.147158443962426","783","783","783","","","","","",""
"3880","","","","","","","","","","","","","3.150550414355002","3.150550414355002","3.150550414355002","785","785","785","","","","","",""
"3890","","","","","","","","","","","","","3.145252052454414","3.145252052454414","3.145252052454414","787","787","787","","","","","",""
"3900","","","","","","","","","","","","","3.1418727631940797","3.1418727631940797","3.1418727631940797","789","789","789","","","","","",""
"3910","","","","","","","","","","","","","3.144796750149818","3.144796750149818","3.144796750149818","791","791","791","","","","","",""
"3920","","","","","","","","","","","","","3.1469785665288796","3.1469785665288796","3.1469785665288796","793","793","793","","","","","",""
"3930","","","","","","","","","","","","","3.151385152472427","3.151385152472427","3.151385152472427","795","795","795","","","","","",""
"3940","","","","","","","","","","","","","3.1518490351438855","3.1518490351438855","3.1518490351438855","797","797","797","","","","","",""
"3950","","","","","","","","","","","","","3.153419502723247","3.153419502723247","3.153419502723247","799","799","799","","","","","",""
"3960","","","","","","","","","","","","","3.1536245418918405","3.1536245418918405","3.1536245418918405","801","801","801","","","","","",""
"3970","","","","","","","","","","","","","3.1456509274243363","3.1456509274243363","3.1456509274243363","803","803","803","","","","","",""
"3980","","","","","","","","","","","","","3.146792431056414","3.146792431056414","3.146792431056414","805","805","805","","","","","",""
"3990","","","","","","","","","","","","","3.1463690740286534","3.1463690740286534","3.1463690740286534","807","807","807","","","","","",""
"4000","","","","","","","","","","","","","2.831732166625788","2.831732166625788","2.831732166625788","810","810","810","","","","","",""
"4010","","","","","","","0.320843276977539","0.320843276977539","0.320843276977539","3","3","3","2.8694013877073496","2.8694013877073496","2.8694013877073496","812","812","812","","","","","",""
"4020","","","","","","","0.6119451370239257","0.6119451370239257","0.6119451370239257","5","5","5","2.905649153294525","2.905649153294525","2.905649153294525","814","814","814","","","","","",""
"4030","","","","","","","0.8628003173828124","0.8628003173828124","0.8628003173828124","7","7","7","2.927131891163315","2.927131891163315","2.927131891163315","816","816","816","","","","","",""
"4040","","","","","","","1.0914747000122067","1.0914747000122067","1.0914747000122067","9","9","9","2.9493677758384873","2.9493677758384873","2.9493677758384873","818","818","818","","","","","",""
"4050","","","","","","","1.3031454825744626","1.3031454825744626","1.3031454825744626","11","11","11","2.9752437576540527","2.9752437576540527","2.9752437576540527","820","820","820","","","","","",""
"4060","","","","","","","1.485893430502319","1.485893430502319","1.485893430502319","13","13","13","2.9907876573403076","2.9907876573403076","2.9907876573403076","822","822","822","","","","","",""
"4070","","","","","","","1.6484484966317745","1.6484484966317745","1.6484484966317745","15","15","15","3.0028509928941185","3.0028509928941185","3.0028509928941185","824","824","824","","","","","",""
"4080","","","","","","","1.8024209382283627","1.8024209382283627","1.8024209382283627","17","17","17","3.0213830704235543","3.0213830704235543","3.0213830704235543","826","826","826","","","","","",""
"4090","","","","","","","1.9400857390893642","1.9400857390893642","1.9400857390893642","19","19","19","3.037149941451267","3.037149941451267","3.037149941451267","828","828","828","","","","","",""
"4100","","","","","","","2.061925382190926","2.061925382190926","2.061925382190926","21","21","21","3.049288790995105","3.049288790995105","3.049288790995105","830","830","830","","","","","",""
"4110","","","","","","","2.1682523180013744","2.1682523180013744","2.1682523180013744","23","23","23","3.0568829145201066","3.0568829145201066","3.0568829145201066","832","832","832","","","","","",""
"4120","","","","","","","2.263908584919499","2.263908584919499","2.263908584919499","25","25","25","3.0636767130644342","3.0636767130644342","3.0636767130644342","834","834","834","","","","","",""
"4130","","","","","","","2.3476221919121683","2.3476221919121683","2.3476221919121683","27","27","27","3.0674121720985674","3.0674121720985674","3.0674121720985674","836","836","836","","","","","",""
"4140","","","","","","","2.428933695560307","2.428933695560307","2.428933695560307","29","29","29","3.0767420074399805","3.0767420074399805","3.0767420074399805","838","838","838","","","","","",""
"4150","","","","","","","2.4968167504122354","2.4968167504122354","2.4968167504122354","31","31","31","3.0798415608158556","3.0798415608158556","3.0798415608158556","840","840","840","","","","","",""
"4160","","","","","","","2.553258103172525","2.553258103172525","2.553258103172525","33","33","33","3.077975873972551","3.077975873972551","3.077975873972551","842","842","842","","","","","",""
"4170","","","","","","","2.607926856911669","2.607926856911669","2.607926856911669","35","35","35","3.080173308395364","3.080173308395364","3.080173308395364","844","844","844","","","","","",""
"4180","","","","","","","2.664351425859174","2.664351425859174","2.664351425859174","37","37","37","3.0893700659957695","3.0893700659957695","3.0893700659957695","846","846","846","","","","","",""
"4190","","","","","","","2.71197107758478","2.71197107758478","2.71197107758478","39","39","39","3.094491744698927","3.094491744698927","3.094491744698927","848","848","848","","","","","",""
"4200","","","","","","","2.7567102109762045","2.7567102109762045","2.7567102109762045","41","41","41","3.1009799748616027","3.1009799748616027","3.1009799748616027","850","850","850","","","","","",""
"4210","","","","","","","2.7950058074628124","2.7950058074628124","2.7950058074628124","43","43","43","3.104847622211868","3.104847622211868","3.104847622211868","852","852","852","","","","","",""
"4220","","","","","","","2.8294967733473904","2.8294967733473904","2.8294967733473904","45","45","45","3.108357038762654","3.108357038762654","3.108357038762654","854","854","854","","","","","",""
"4230","","","","","","","2.8638862111554735","2.8638862111554735","2.8638862111554735","47","47","47","3.114855719804601","3.114855719804601","3.114855719804601","856","856","856","","","","","",""
"4240","","","","","","","2.888336499189096","2.888336499189096","2.888336499189096","49","49","49","3.1142080270050494","3.1142080270050494","3.1142080270050494","858","858","858","","","","","",""
"4250","","","","","","","2.909091682125411","2.909091682125411","2.909091682125411","51","51","51","3.1123762288211463","3.1123762288211463","3.1123762288211463","860","860","860","","","","","",""
"4260","","","","","","","2.928204009731962","2.928204009731962","2.928204009731962","53","53","53","3.111162638531805","3.111162638531805","3.111162638531805","862","862","862","","","","","",""
"4270","","","","","","","2.9513408116701427","2.9513408116701427","2.9513408116701427","55","55","55","3.11600722062589","3.11600722062589","3.11600722062589","864","864","864","","","","","",""
"4280","","","","","","","2.9652945982399452","2.9652945982399452","2.9652945982399452","57","57","57","3.113494518888008","3.113494518888008","3.113494518888008","866","866","866","","","","","",""
"4290","","","","","","","2.9766169107243003","2.9766169107243003","2.9766169107243003","59","59","59","3.1099963815438847","3.1099963815438847","3.1099963815438847","868","868","868","","","","","",""
"4300","","","","","","","2.989064682389907","2.989064682389907","2.989064682389907","61","61","61","3.109107789226899","3.109107789226899","3.109107789226899","870","870","870","","","","","",""
"4310","","","","","","","3.001041392861854","3.001041392861854","3.001041392861854","63","63","63","3.109076565052744","3.109076565052744","3.109076565052744","872","872","872","","","","","",""
"4320","","","","","","","3.0117737976125336","3.0117737976125336","3.0117737976125336","65","65","65","3.109019357155868","3.109019357155868","3.109019357155868","874","874","874","","","","","",""
"4330","","","","","","","3.0296566481064073","3.0296566481064073","3.0296566481064073","67","67","67","3.117179559044041","3.117179559044041","3.117179559044041","876","876","876","","","","","",""
"4340","","","","","","","3.042248653889028","3.042248653889028","3.042248653889028","69","69","69","3.121020608876942","3.121020608876942","3.121020608876942","878","878","878","","","","","",""
"4350","","","","","","","3.056129467058475","3.056129467058475","3.056129467058475","71","71","71","3.1270261720432027","3.1270261720432027","3.1270261720432027","880","880","880","","","","","",""
"4360","","","","","","","3.0596509846165434","3.0596509846165434","3.0596509846165434","73","73","73","3.123455558623062","3.123455558623062","3.123455558623062","882","882","882","","","","","",""
"4370","","","","","","","3.065975181351422","3.065975181351422","3.065975181351422","75","75","75","3.1234038183735486","3.1234038183735486","3.1234038183735486","884","884","884","","","","","",""
"4380","","","","","","","3.0720028043600784","3.0720028043600784","3.0720028043600784","77","77","77","3.123684190778137","3.123684190778137","3.123684190778137","886","886","886","","","","","",""
"4390","","","","","","","3.07994303829785","3.07994303829785","3.07994303829785","79","79","79","3.1264488855614077","3.1264488855614077","3.1264488855614077","888","888","888","","","","","",""
"4400","","","","","","","3.0824455797134265","3.0824455797134265","3.0824455797134265","81","81","81","3.124301547969622","3.124301547969622","3.124301547969622","890","890","890","","","","","",""
"4410","","","","","","","3.0935450273268006","3.0935450273268006","3.0935450273268006","83","83","83","3.131208379714408","3.131208379714408","3.131208379714408","892","892","892","","","","","",""
"4420","","","","","","","3.092720702664189","3.092720702664189","3.092720702664189","85","85","85","3.1266208669382793","3.1266208669382793","3.1266208669382793","894","894","894","","","","","",""
"4430","","","","","","","3.0971044475222818","3.0971044475222818","3.0971044475222818","87","87","87","3.1276083392654477","3.1276083392654477","3.1276083392654477","896","896","896","","","","","",""
"4440","","","","","","","3.1003477610097994","3.1003477610097994","3.1003477610097994","89","89","89","3.1278080728132682","3.1278080728132682","3.1278080728132682","898","898","898","","","","","",""
"4450","","","","","","","3.102443722213507","3.102443722213507","3.102443722213507","91","91","91","3.127153921110555","3.127153921110555","3.127153921110555","900","900","900","","","","","",""
"4460","","","","","","","3.109921384446502","3.109921384446502","3.109921384446502","93","93","93","3.132166743263415","3.132166743263415","3.132166743263415","902","902","902","","","","","",""
"4470","","","","","","","3.11697846704067","3.11697846704067","3.11697846704067","95","95","95","3.1370037913186652","3.1370037913186652","3.1370037913186652","904","904","904","","","","","",""
"4480","","","","","","","3.1231460874081365","3.1231460874081365","3.1231460874081365","97","97","97","3.1411655413982245","3.1411655413982245","3.1411655413982245","906","906","906","","","","","",""
"4490","","","","","","","3.1234030042410534","3.1234030042410534","3.1234030042410534","99","99","99","3.13961896787974","3.13961896787974","3.13961896787974","908","908","908","","","","","",""
"4500","","","","","","","2.811062703816948","2.811062703816948","2.811062703816948","102","102","102","2.825657071091766","2.825657071091766","2.825657071091766","911","911","911","","","","","",""
"4510","","","","","","","2.851242978235058","2.851242978235058","2.851242978235058","104","104","104","2.864375314788253","2.864375314788253","2.864375314788253","913","913","913","","","","","",""
"4520","","","","","","","2.873334924155449","2.873334924155449","2.873334924155449","106","106","106","2.8851540270533245","2.8851540270533245","2.8851540270533245","915","915","915","","","","","",""
"4530","","","","","","","2.8897768566971798","2.8897768566971798","2.8897768566971798","108","108","108","2.9004170819895934","2.9004170819895934","2.9004170819895934","917","917","917","","","","","",""
"4540","","","","","","","2.918288318213741","2.918288318213741","2.918288318213741","110","110","110","2.927863624523056","2.927863624523056","2.927863624523056","919","919","919","","","","","",""
"4550","","","","","","","2.9388072227510094","2.9388072227510094","2.9388072227510094","112","112","112","2.9474298621684065","2.9474298621684065","2.9474298621684065","921","921","921","","","","","",""
"4560","","","","","","","2.9537970258360158","2.9537970258360158","2.9537970258360158","114","114","114","2.9615558945062537","2.9615558945062537","2.9615558945062537","923","923","923","","","","","",""
"4570","","","","","","","2.9711771232096895","2.9711771232096895","2.9711771232096895","116","116","116","2.978159723543177","2.978159723543177","2.978159723543177","925","925","925","","","","","",""
"4580","","","","","","","2.9902614982910642","2.9902614982910642","2.9902614982910642","118","118","118","2.9965458958116624","2.9965458958116624","2.9965458958116624","927","927","927","","","","","",""
"4590","","","","","","","3.0019184081543404","3.0019184081543404","3.0019184081543404","120","120","120","","","","","","","","","","","",""
"4600","","","","","","","3.0132764788379296","3.0132764788379296","3.0132764788379296","122","122","122","","","","","","","","","","","",""
"4610","","","","","","","3.0290156339326524","3.0290156339326524","3.0290156339326524","124","124","124","","","","","","","","","","","",""
"4620","","","","","","","3.0355494381236157","3.0355494381236157","3.0355494381236157","126","126","126","","","","","","","","","","","",""
"4630","","","","","","","3.035269812457006","3.035269812457006","3.035269812457006","128","128","128","","","","","","","","","","","",""
"4640","","","","","","","3.042181654911257","3.042181654911257","3.042181654911257","130","130","130","","","","","","","","","","","",""
"4650","","","","","","","3.0508188284704243","3.0508188284704243","3.0508188284704243","132","132","132","","","","","","","","","","","",""
"4660","","","","","","","3.0593688044490652","3.0593688044490652","3.0593688044490652","134","134","134","","","","","","","","","","","",""
"4670","","","","","","","3.068748047966561","3.068748047966561","3.068748047966561","136","136","136","","","","","","","","","","","",""
"4680","","","","","","","3.0755833223630202","3.0755833223630202","3.0755833223630202","138","138","138","","","","","","","","","","","",""
"4690","","","","","","","3.081334526106943","3.081334526106943","3.081334526106943","140","140","140","","","","","","","","","","","",""
"4700","","","","","","","3.085597256510165","3.085597256510165","3.085597256510165","142","142","142","","","","","","","","","","","",""
"4710","","","","","","","3.091050821264422","3.091050821264422","3.091050821264422","144","144","144","","","","","","","","","","","",""
"4720","","","","","","","3.089249816286417","3.089249816286417","3.089249816286417","146","146","146","","","","","","","","","","","",""
"4730","","","","","","","3.085721677614318","3.085721677614318","3.085721677614318","148","148","148","","","","","","","","","","","",""
"4740","","","","","","","3.0878114170489313","3.0878114170489313","3.0878114170489313","150","150","150","","","","","","","","","","","",""
"4750","","","","","","","3.092210359572554","3.092210359572554","3.092210359572554","152","152","152","","","","","","","","","","","",""
"4760","","","","","","","3.0928126077644684","3.0928126077644684","3.0928126077644684","154","154","154","","","","","","","","","","","",""
"4770","","","","","","","3.0967380578034516","3.0967380578034516","3.0967380578034516","156","156","156","","","","","","","","","","","",""
"4780","","","","","","","3.096366105203038","3.096366105203038","3.096366105203038","158","158","158","","","","","","","","","","","",""
"4790","","","","","","","3.1040252748646187","3.1040252748646187","3.1040252748646187","160","160","160","","","","","","","","","","","",""
"4800","","","","","","","3.102834478335188","3.102834478335188","3.102834478335188","162","162","162","","","","","","","","","","","",""
"4810","","","","","","","3.109534196242636","3.109534196242636","3.109534196242636","164","164","164","","","","","","","","","","","",""
"4820","","","","","","","3.1120257343515267","3.1120257343515267","3.1120257343515267","166","166","166","","","","","","","","","","","",""
"4830","","","","","","","3.1180572765169603","3.1180572765169603","3.1180572765169603","168","168","168","","","","","","","","","","","",""
"4840","","","","","","","3.1238055459050593","3.1238055459050593","3.1238055459050593","170","170","170","","","","","","","","","","","",""
"4850","","","","","","","3.122988578503274","3.122988578503274","3.122988578503274","172","172","172","","","","","","","","","","","",""
"4860","","","","","","","3.1182060284837574","3.1182060284837574","3.1182060284837574","174","174","174","","","","","","","","","","","",""
"4870","","","","","","","3.1267364540777645","3.1267364540777645","3.1267364540777645","176","176","176","","","","","","","","","","","",""
"4880","","","","","","","3.1304632031096853","3.1304632031096853","3.1304632031096853","178","178","178","","","","","","","","","","","",""
"4890","","","","","","","3.1292939999556992","3.1292939999556992","3.1292939999556992","180","180","180","","","","","","","","","","","",""
"4900","","","","","","","3.1275906818082735","3.1275906818082735","3.1275906818082735","182","182","182","","","","","","","","","","","",""
"4910","","","","","","","3.132127641764653","3.132127641764653","3.132127641764653","184","184","184","","","","","","","","","","","",""
"4920","","","","","","","3.130105005914604","3.130105005914604","3.130105005914604","186","186","186","","","","","","","","","","","",""
"4930","","","","","","","3.1314374427926257","3.1314374427926257","3.1314374427926257","188","188","188","","","","","","","","","","","",""
"4940","","","","","","","3.134411614620541","3.134411614620541","3.134411614620541","190","190","190","","","","","","","","","","","",""
"4950","","","","","","","3.141150697604288","3.141150697604288","3.141150697604288","192","192","192","","","","","","","","","","","",""
"4960","","","","","","","3.1381049447078726","3.1381049447078726","3.1381049447078726","194","194","194","","","","","","","","","","","",""
"4970","","","","","","","3.1415389227407475","3.1415389227407475","3.1415389227407475","196","196","196","","","","","","","","","","","",""
"4980","","","","","","","3.134531865793821","3.134531865793821","3.134531865793821","198","198","198","","","","","","","","","","","",""
"4990","","","","","","","3.1349785205230325","3.1349785205230325","3.1349785205230325","200","200","200","","","","","","","","","","","",""
"5000","","","","","","","2.821480668470729","2.821480668470729","2.821480668470729","203","203","203","","","","","","","","","","","",""
"5010","0.3131969261169433","0.3131969261169433","0.3131969261169433","3","3","3","2.8525287075806873","2.8525287075806873","2.8525287075806873","205","205","205","","","","","","","","","","","",""
"5020","0.5921617145538329","0.5921617145538329","0.5921617145538329","5","5","5","2.87756724154674","2.87756724154674","2.87756724154674","207","207","207","","","","","","","","","","","",""
"5030","0.8430277879714965","0.8430277879714965","0.8430277879714965","7","7","7","2.899894097409156","2.899894097409156","2.899894097409156","209","209","209","","","","","","","","","","","",""
"5040","1.0679408790779112","1.0679408790779112","1.0679408790779112","9","9","9","2.9191118791355253","2.9191118791355253","2.9191118791355253","211","211","211","","","","","","","","","","","",""
"5050","1.278766477296829","1.278766477296829","1.278766477296829","11","11","11","2.944823009489795","2.944823009489795","2.944823009489795","213","213","213","","","","","","","","","","","",""
"5060","1.4604607905656812","1.4604607905656812","1.4604607905656812","13","13","13","2.959915446089644","2.959915446089644","2.959915446089644","215","215","215","","","","","","","","","","","",""
"5070","1.633489418540363","1.633489418540363","1.633489418540363","15","15","15","2.9830052460851717","2.9830052460851717","2.9830052460851717","217","217","217","","","","","","","","","","","",""
"5080","1.7905886273210923","1.7905886273210923","1.7905886273210923","17","17","17","3.0051579075118107","3.0051579075118107","3.0051579075118107","219","219","219","","","","","","","","","","","",""
"5090","1.9279199928604673","1.9279199928604673","1.9279199928604673","19","19","19","3.021039135193247","3.021039135193247","3.021039135193247","221","221","221","","","","","","","","","","","",""
"5100","2.052454615583698","2.052454615583698","2.052454615583698","21","21","21","3.0362620153445765","3.0362620153445765","3.0362620153445765","223","223","223","","","","","","","","","","","",""
"5110","2.1551623400604845","2.1551623400604845","2.1551623400604845","23","23","23","3.040584803678283","3.040584803678283","3.040584803678283","225","225","225","","","","","","","","","","","",""
"5120","2.2536774781247484","2.2536774781247484","2.2536774781247484","25","25","25","3.050555234901031","3.050555234901031","3.050555234901031","227","227","227","","","","","","","","","","","",""
"5130","2.3496915281028006","2.3496915281028006","2.3496915281028006","27","27","27","3.066879983322549","3.066879983322549","3.066879983322549","229","229","229","","","","","","","","","","","",""
"5140","2.4307028860041906","2.4307028860041906","2.4307028860041906","29","29","29","3.0761726673633407","3.0761726673633407","3.0761726673633407","231","231","231","","","","","","","","","","","",""
"5150","2.5022360977699822","2.5022360977699822","2.5022360977699822","31","31","31","3.083156249778618","3.083156249778618","3.083156249778618","233","233","233","","","","","","","","","","","",""
"5160","2.5652052370164213","2.5652052370164213","2.5652052370164213","33","33","33","3.088031943312719","3.088031943312719","3.088031943312719","235","235","235","","","","","","","","","","","",""
"5170","2.6196769351470546","2.6196769351470546","2.6196769351470546","35","35","35","3.09021791905591","3.09021791905591","3.09021791905591","237","237","237","","","","","","","","","","","",""
"5180","2.6728866059817142","2.6728866059817142","2.6728866059817142","37","37","37","3.0963673307636004","3.0963673307636004","3.0963673307636004","239","239","239","","","","","","","","","","","",""
"5190","2.718921405008787","2.718921405008787","2.718921405008787","39","39","39","3.1000566894535977","3.1000566894535977","3.1000566894535977","241","241","241","","","","","","","","","","","",""
"5200","2.7628509884458965","2.7628509884458965","2.7628509884458965","41","41","41","3.1058763302616557","3.1058763302616557","3.1058763302616557","243","243","243","","","","","","","","","","","",""
"5210","2.802819380049305","2.802819380049305","2.802819380049305","43","43","43","3.111542016022111","3.111542016022111","3.111542016022111","245","245","245","","","","","","","","","","","",""
"5220","2.840148869351503","2.840148869351503","2.840148869351503","45","45","45","3.1179998902255637","3.1179998902255637","3.1179998902255637","247","247","247","","","","","","","","","","","",""
"5230","2.8701739757024853","2.8701739757024853","2.8701739757024853","47","47","47","3.1202426219976847","3.1202426219976847","3.1202426219976847","249","249","249","","","","","","","","","","","",""
"5240","2.898671142646397","2.898671142646397","2.898671142646397","49","49","49","3.1237416790423014","3.1237416790423014","3.1237416790423014","251","251","251","","","","","","","","","","","",""
"5250","2.9228530052799506","2.9228530052799506","2.9228530052799506","51","51","51","3.1254163735953466","3.1254163735953466","3.1254163735953466","253","253","253","","","","","","","","","","","",""
"5260","2.952577134683596","2.952577134683596","2.952577134683596","53","53","53","3.134883136199191","3.134883136199191","3.134883136199191","255","255","255","","","","","","","","","","","",""
"5270","2.973216676159084","2.973216676159084","2.973216676159084","55","55","55","3.137296731453784","3.137296731453784","3.137296731453784","257","257","257","","","","","","","","","","","",""
"5280","2.984249653318566","2.984249653318566","2.984249653318566","57","57","57","3.1319246022537177","3.1319246022537177","3.1319246022537177","259","259","259","","","","","","","","","","","",""
"5290","2.9989821129134673","2.9989821129134673","2.9989821129134673","59","59","59","3.13188828903152","3.13188828903152","3.13188828903152","261","261","261","","","","","","","","","","","",""
"5300","3.0171944248459974","3.0171944248459974","3.0171944248459974","61","61","61","3.1368095637355458","3.1368095637355458","3.1368095637355458","263","263","263","","","","","","","","","","","",""
"5310","3.032395873169503","3.032395873169503","3.032395873169503","63","63","63","3.140046789735038","3.140046789735038","3.140046789735038","265","265","265","","","","","","","","","","","",""
"5320","3.044418469995619","3.044418469995619","3.044418469995619","65","65","65","3.141304676374327","3.141304676374327","3.141304676374327","267","267","267","","","","","","","","","","","",""
"5330","3.052877509531702","3.052877509531702","3.052877509531702","67","67","67","3.1400750952725387","3.1400750952725387","3.1400750952725387","269","269","269","","","","","","","","","","","",""
"5340","3.0648735033905434","3.0648735033905434","3.0648735033905434","69","69","69","3.143348336019943","3.143348336019943","3.143348336019943","271","271","271","","","","","","","","","","","",""
"5350","3.0701368511410885","3.0701368511410885","3.0701368511410885","71","71","71","3.1407636283029587","3.1407636283029587","3.1407636283029587","273","273","273","","","","","","","","","","","",""
"5360","3.078842484416872","3.078842484416872","3.078842484416872","73","73","73","3.1424035893252023","3.1424035893252023","3.1424035893252023","275","275","275","","","","","","","","","","","",""
"5370","3.0817967064341687","3.0817967064341687","3.0817967064341687","75","75","75","3.1389974665377016","3.1389974665377016","3.1389974665377016","277","277","277","","","","","","","","","","","",""
"5380","3.0908452576840624","3.0908452576840624","3.0908452576840624","77","77","77","3.1423251979112754","3.1423251979112754","3.1423251979112754","279","279","279","","","","","","","","","","","",""
"5390","3.097797433118049","3.097797433118049","3.097797433118049","79","79","79","3.1441329460644836","3.1441329460644836","3.1441329460644836","281","281","281","","","","","","","","","","","",""
"5400","3.10238502226474","3.10238502226474","3.10238502226474","81","81","81","3.144090226409207","3.144090226409207","3.144090226409207","283","283","283","","","","","","","","","","","",""
"5410","3.1096303075748875","3.1096303075748875","3.1096303075748875","83","83","83","3.147166345522437","3.147166345522437","3.147166345522437","285","285","285","","","","","","","","","","","",""
"5420","3.1139913544235998","3.1139913544235998","3.1139913544235998","85","85","85","3.1477734834006132","3.1477734834006132","3.1477734834006132","287","287","287","","","","","","","","","","","",""
"5430","3.115425261126015","3.115425261126015","3.115425261126015","87","87","87","3.145822406117681","3.145822406117681","3.145822406117681","289","289","289","","","","","","","","","","","",""
"5440","3.115001566647935","3.115001566647935","3.115001566647935","89","89","89","3.1423575284819876","3.1423575284819876","3.1423575284819876","291","291","291","","","","","","","","","","","",""
"5450","3.113970522379382","3.113970522379382","3.113970522379382","91","91","91","3.1385846700734863","3.1385846700734863","3.1385846700734863","293","293","293","","","","","","","","","","","",""
"5460","3.120900477435145","3.120900477435145","3.120900477435145","93","93","93","3.143050673586157","3.143050673586157","3.143050673586157","295","295","295","","","","","","","","","","","",""
"5470","3.1288477374308883","3.1288477374308883","3.1288477374308883","95","95","95","3.1487818839985375","3.1487818839985375","3.1487818839985375","297","297","297","","","","","","","","","","","",""
"5480","3.128782520877741","3.128782520877741","3.128782520877741","97","97","97","3.14672374869927","3.14672374869927","3.14672374869927","299","299","299","","","","","","","","","","","",""
"5490","3.126046175528248","3.126046175528248","3.126046175528248","99","99","99","3.14219745766113","3.14219745766113","3.14219745766113","301","301","301","","","","","","","","","","","",""
"5500","2.8134415579754233","2.8134415579754233","2.8134415579754233","102","102","102","","","","","","","","","","","","","","","","","",""
"5510","2.850192933641504","2.850192933641504","2.850192933641504","104","104","104","","","","","","","","","","","","","","","","","",""
"5520","2.879782633807627","2.879782633807627","2.879782633807627","106","106","106","","","","","","","","","","","","","","","","","",""
"5530","2.9050455470320884","2.9050455470320884","2.9050455470320884","108","108","108","","","","","","","","","","","","","","","","","",""
"5540","2.9269175677988506","2.9269175677988506","2.9269175677988506","110","110","110","","","","","","","","","","","","","","","","","",""
"5550","2.9463454475546103","2.9463454475546103","2.9463454475546103","112","112","112","","","","","","","","","","","","","","","","","",""
"5560","2.9655865398535926","2.9655865398535926","2.9655865398535926","114","114","114","","","","","","","","","","","","","","","","","",""
"5570","2.9864344830056844","2.9864344830056844","2.9864344830056844","116","116","116","","","","","","","","","","","","","","","","","",""
"5580","3.00127354813285","3.00127354813285","3.00127354813285","118","118","118","","","","","","","","","","","","","","","","","",""
"5590","3.01775536614061","3.01775536614061","3.01775536614061","120","120","120","","","","","","","","","","","","","","","","","",""
"5600","3.0230999428993517","3.0230999428993517","3.0230999428993517","122","122","122","","","","","","","","","","","","","","","","","",""
"5610","3.0320292865305594","3.0320292865305594","3.0320292865305594","124","124","124","","","","","","","","","","","","","","","","","",""
"5620","3.0437137098672493","3.0437137098672493","3.0437137098672493","126","126","126","","","","","","","","","","","","","","","","","",""
"5630","3.0547798083629463","3.0547798083629463","3.0547798083629463","128","128","128","","","","","","","","","","","","","","","","","",""
"5640","3.0603397112851964","3.0603397112851964","3.0603397112851964","130","130","130","","","","","","","","","","","","","","","","","",""
"5650","3.0707262189774776","3.0707262189774776","3.0707262189774776","132","132","132","","","","","","","","","","","","","","","","","",""
"5660","3.083580087863421","3.083580087863421","3.083580087863421","134","134","134","","","","","","","","","","","","","","","","","",""
"5670","3.091140295782401","3.091140295782401","3.091140295782401","136","136","136","","","","","","","","","","","","","","","","","",""
"5680","3.0954982892144147","3.0954982892144147","3.0954982892144147","138","138","138","","","","","","","","","","","","","","","","","",""
"5690","3.0949844672204634","3.0949844672204634","3.0949844672204634","140","140","140","","","","","","","","","","","","","","","","","",""
"5700","3.098786496572636","3.098786496572636","3.098786496572636","142","142","142","","","","","","","","","","","","","","","","","",""
"5710","3.1040034813758215","3.1040034813758215","3.1040034813758215","144","144","144","","","","","","","","","","","","","","","","","",""
"5720","3.0969733229049874","3.0969733229049874","3.0969733229049874","146","146","146","","","","","","","","","","","","","","","","","",""
"5730","3.101842698225573","3.101842698225573","3.101842698225573","148","148","148","","","","","","","","","","","","","","","","","",""
"5740","3.1058448106967167","3.1058448106967167","3.1058448106967167","150","150","150","","","","","","","","","","","","","","","","","",""
"5750","3.112358584784516","3.112358584784516","3.112358584784516","152","152","152","","","","","","","","","","","","","","","","","",""
"5760","3.1139335859862403","3.1139335859862403","3.1139335859862403","154","154","154","","","","","","","","","","","","","","","","","",""
"5770","3.1146281256420107","3.1146281256420107","3.1146281256420107","156","156","156","","","","","","","","","","","","","","","","","",""
"5780","3.1196961892374775","3.1196961892374775","3.1196961892374775","158","158","158","","","","","","","","","","","","","","","","","",""
"5790","3.119586597626962","3.119586597626962","3.119586597626962","160","160","160","","","","","","","","","","","","","","","","","",""
"5800","3.1219804120769123","3.1219804120769123","3.1219804120769123","162","162","162","","","","","","","","","","","","","","","","","",""
"5810","3.1245168488660475","3.1245168488660475","3.1245168488660475","164","164","164","","","","","","","","","","","","","","","","","",""
"5820","3.130910264382275","3.130910264382275","3.130910264382275","166","166","166","","","","","","","","","","","","","","","","","",""
"5830","3.1274789860214396","3.1274789860214396","3.1274789860214396","168","168","168","","","","","","","","","","","","","","","","","",""
"5840","3.130308384629989","3.130308384629989","3.130308384629989","170","170","170","","","","","","","","","","","","","","","","","",""
"5850","3.13997098946533","3.13997098946533","3.13997098946533","172","172","172","","","","","","","","","","","","","","","","","",""
"5860","3.140649870133055","3.140649870133055","3.140649870133055","174","174","174","","","","","","","","","","","","","","","","","",""
"5870","3.1405706504842517","3.1405706504842517","3.1405706504842517","176","176","176","","","","","","","","","","","","","","","","","",""
"5880","3.140497350084264","3.140497350084264","3.140497350084264","178","178","178","","","","","","","","","","","","","","","","","",""
"5890","3.136937136102449","3.136937136102449","3.136937136102449","180","180","180","","","","","","","","","","","","","","","","","",""
"5900","3.1358036947090007","3.1358036947090007","3.1358036947090007","182","182","182","","","","","","","","","","","","","","","","","",""
"5910","3.141932950482241","3.141932950482241","3.141932950482241","184","184","184","","","","","","","","","","","","","","","","","",""
"5920","3.143621651588802","3.143621651588802","3.143621651588802","186","186","186","","","","","","","","","","","","","","","","","",""
"5930","3.139173865549795","3.139173865549795","3.139173865549795","188","188","188","","","","","","","","","","","","","","","","","",""
"5940","3.141178148001163","3.141178148001163","3.141178148001163","190","190","190","","","","","","","","","","","","","","","","","",""
"5950","3.1436801299539763","3.1436801299539763","3.1436801299539763","192","192","192","","","","","","","","","","","","","","","","","",""
"5960","3.1416533492583834","3.1416533492583834","3.1416533492583834","194","194","194","","","","","","","","","","","","","","","","","",""
"5970","3.136652996174586","3.136652996174586","3.136652996174586","196","196","196","","","","","","","","","","","","","","","","","",""
"5980","3.133762995629393","3.133762995629393","3.133762995629393","198","198","198","","","","","","","","","","","","","","","","","",""
"5990","3.1324674989839343","3.1324674989839343","3.1324674989839343","200","200","200","","","","","","","","","","","","","","","","","",""
"6000","2.8192207490855408","2.8192207490855408","2.8192207490855408","203","203","203","","","","","","","","","","","","","","","","","",""
"6010","2.8573271318185887","2.8573271318185887","2.8573271318185887","205","205","205","","","","","","","","","","","","","","","","","",""
"6020","2.887317837826183","2.887317837826183","2.887317837826183","207","207","207","","","","","","","","","","","","","","","","","",""
"6030","2.91358010311583","2.91358010311583","2.91358010311583","209","209","209","","","","","","","","","","","","","","","","","",""
"6040","2.9423378307192865","2.9423378307192865","2.9423378307192865","211","211","211","","","","","","","","","","","","","","","","","",""
"6050","2.965062360635639","2.965062360635639","2.965062360635639","213","213","213","","","","","","","","","","","","","","","","","",""
"6060","2.982139212493218","2.982139212493218","2.982139212493218","215","215","215","","","","","","","","","","","","","","","","","",""
"6070","2.991724592391357","2.991724592391357","2.991724592391357","217","217","217","","","","","","","","","","","","","","","","","",""
"6080","3.00753717953894","3.00753717953894","3.00753717953894","219","219","219","","","","","","","","","","","","","","","","","",""
"6090","3.0175983953619014","3.0175983953619014","3.0175983953619014","221","221","221","","","","","","","","","","","","","","","","","",""
"6100","3.0228952880034456","3.0228952880034456","3.0228952880034456","223","223","223","","","","","","","","","","","","","","","","","",""
"6110","3.0315372319814213","3.0315372319814213","3.0315372319814213","225","225","225","","","","","","","","","","","","","","","","","",""
"6120","3.0486618290957788","3.0486618290957788","3.0486618290957788","227","227","227","","","","","","","","","","","","","","","","","",""
"6130","3.0548802981332224","3.0548802981332224","3.0548802981332224","229","229","229","","","","","","","","","","","","","","","","","",""
"6140","3.0617012664278107","3.0617012664278107","3.0617012664278107","231","231","231","","","","","","","","","","","","","","","","","",""
"6150","3.07174675028918","3.07174675028918","3.07174675028918","233","233","233","","","","","","","","","","","","","","","","","",""
"6160","3.078194836032967","3.078194836032967","3.078194836032967","235","235","235","","","","","","","","","","","","","","","","","",""
"6170","3.083715634869856","3.083715634869856","3.083715634869856","237","237","237","","","","","","","","","","","","","","","","","",""
"6180","3.0920697069114347","3.0920697069114347","3.0920697069114347","239","239","239","","","","","","","","","","","","","","","","","",""
"6190","3.094116970534256","3.094116970534256","3.094116970534256","241","241","241","","","","","","","","","","","","","","","","","",""
"6200","3.093173615308223","3.093173615308223","3.093173615308223","243","243","243","","","","","","","","","","","","","","","","","",""
"6210","3.0918865729912683","3.0918865729912683","3.0918865729912683","245","245","245","","","","","","","","","","","","","","","","","",""
"6220","3.0985319038818386","3.0985319038818386","3.0985319038818386","247","247","247","","","","","","","","","","","","","","","","","",""
"6230","3.110431833916018","3.110431833916018","3.110431833916018","249","249","249","","","","","","","","","","","","","","","","","",""
"6240","3.1177625785944847","3.1177625785944847","3.1177625785944847","251","251","251","","","","","","","","","","","","","","","","","",""
"6250","3.1246135256300556","3.1246135256300556","3.1246135256300556","253","253","253","","","","","","","","","","","","","","","","","",""
"6260","3.121377770448642","3.121377770448642","3.121377770448642","255","255","255","","","","","","","","","","","","","","","","","",""
"6270","3.129603839228973","3.129603839228973","3.129603839228973","257","257","257","","","","","","","","","","","","","","","","","",""
"6280","3.1348960950765834","3.1348960950765834","3.1348960950765834","259","259","259","","","","","","","","","","","","","","","","","",""
"6290","3.136478755008622","3.136478755008622","3.136478755008622","261","261","261","","","","","","","","","","","","","","","","","",""
"6300","3.1344242785556116","3.1344242785556116","3.1344242785556116","263","263","263","","","","","","","","","","","","","","","","","",""
"6310","3.135012993888527","3.135012993888527","3.135012993888527","265","265","265","","","","","","","","","","","","","","","","","",""
"6320","3.1365790811268717","3.1365790811268717","3.1365790811268717","267","267","267","","","","","","","","","","","","","","","","","",""
"6330","3.138941585459253","3.138941585459253","3.138941585459253","269","269","269","","","","","","","","","","","","","","","","","",""
"6340","3.1390811068754862","3.1390811068754862","3.1390811068754862","271","271","271","","","","","","","","","","","","","","","","","",""
"6350","3.132831992769969","3.132831992769969","3.132831992769969","273","273","273","","","","","","","","","","","","","","","","","",""
"6360","3.1330401379448762","3.1330401379448762","3.1330401379448762","275","275","275","","","","","","","","","","","","","","","","","",""