"train/global_step","glad-glitter-9 - train/bpt","glad-glitter-9 - train/bpt__MIN","glad-glitter-9 - train/bpt__MAX","glad-glitter-9 - _step","glad-glitter-9 - _step__MIN","glad-glitter-9 - _step__MAX","sleek-moon-7 - train/bpt","sleek-moon-7 - train/bpt__MIN","sleek-moon-7 - train/bpt__MAX","sleek-moon-7 - _step","sleek-moon-7 - _step__MIN","sleek-moon-7 - _step__MAX","magic-universe-6 - train/bpt","magic-universe-6 - train/bpt__MIN","magic-universe-6 - train/bpt__MAX","magic-universe-6 - _step","magic-universe-6 - _step__MIN","magic-universe-6 - _step__MAX","visionary-oath-5 - train/bpt","visionary-oath-5 - train/bpt__MIN","visionary-oath-5 - train/bpt__MAX","visionary-oath-5 - _step","visionary-oath-5 - _step__MIN","visionary-oath-5 - _step__MAX"
"0","0","0","0","1","1","1","0","0","0","1","1","1","","","","","","","","","","","",""
"1","","","","","","","","","","","","","4.657055944994383","4.657055944994383","4.657055944994383","2","2","2","4.942659966045611","4.942659966045611","4.942659966045611","2","2","2"
"10","","","","","","","","","","","","","4.980280635864714","4.980280635864714","4.980280635864714","4","4","4","5.088450843951387","5.088450843951387","5.088450843951387","4","4","4"
"20","","","","","","","","","","","","","4.992005297024228","4.992005297024228","4.992005297024228","6","6","6","4.993065810842509","4.993065810842509","4.993065810842509","6","6","6"
"30","","","","","","","","","","","","","5.039317861862708","5.039317861862708","5.039317861862708","8","8","8","4.9789186555686555","4.9789186555686555","4.9789186555686555","8","8","8"
"40","","","","","","","","","","","","","4.9358184274012284","4.9358184274012284","4.9358184274012284","10","10","10","5.102657558728152","5.102657558728152","5.102657558728152","10","10","10"
"50","","","","","","","","","","","","","4.878847867234776","4.878847867234776","4.878847867234776","12","12","12","5.021634743287114","5.021634743287114","5.021634743287114","12","12","12"
"60","","","","","","","","","","","","","4.865278023323339","4.865278023323339","4.865278023323339","14","14","14","4.83976405310254","4.83976405310254","4.83976405310254","14","14","14"
"70","","","","","","","","","","","","","4.893608656606909","4.893608656606909","4.893608656606909","16","16","16","4.90775911394766","4.90775911394766","4.90775911394766","16","16","16"
"80","","","","","","","","","","","","","4.886366123213774","4.886366123213774","4.886366123213774","18","18","18","4.85318915641501","4.85318915641501","4.85318915641501","18","18","18"
"90","","","","","","","","","","","","","4.740208387204524","4.740208387204524","4.740208387204524","20","20","20","4.732805703566907","4.732805703566907","4.732805703566907","20","20","20"
"100","","","","","","","","","","","","","4.950607834686465","4.950607834686465","4.950607834686465","22","22","22","4.82727618644421","4.82727618644421","4.82727618644421","22","22","22"
"110","","","","","","","","","","","","","4.8355500653980386","4.8355500653980386","4.8355500653980386","24","24","24","4.829487470575943","4.829487470575943","4.829487470575943","24","24","24"
"120","","","","","","","","","","","","","4.865251056443683","4.865251056443683","4.865251056443683","26","26","26","4.921825918927031","4.921825918927031","4.921825918927031","26","26","26"
"130","","","","","","","","","","","","","4.728108513406542","4.728108513406542","4.728108513406542","28","28","28","4.8290284832773205","4.8290284832773205","4.8290284832773205","28","28","28"
"140","","","","","","","","","","","","","4.824302124859369","4.824302124859369","4.824302124859369","30","30","30","4.769099271171545","4.769099271171545","4.769099271171545","30","30","30"
"150","","","","","","","","","","","","","4.712701069267165","4.712701069267165","4.712701069267165","32","32","32","4.78048369714194","4.78048369714194","4.78048369714194","32","32","32"
"160","","","","","","","","","","","","","4.722614424435139","4.722614424435139","4.722614424435139","34","34","34","4.64353487536273","4.64353487536273","4.64353487536273","34","34","34"
"170","","","","","","","","","","","","","4.7007921650047","4.7007921650047","4.7007921650047","36","36","36","4.715149551870969","4.715149551870969","4.715149551870969","36","36","36"
"180","","","","","","","","","","","","","4.728306637420336","4.728306637420336","4.728306637420336","38","38","38","4.713313602676478","4.713313602676478","4.713313602676478","38","38","38"
"190","","","","","","","","","","","","","4.731351693443453","4.731351693443453","4.731351693443453","40","40","40","4.7768651821677865","4.7768651821677865","4.7768651821677865","40","40","40"
"200","","","","","","","","","","","","","4.694435135884328","4.694435135884328","4.694435135884328","42","42","42","4.704776108715407","4.704776108715407","4.704776108715407","42","42","42"
"210","","","","","","","","","","","","","4.660036404333836","4.660036404333836","4.660036404333836","44","44","44","4.739454965607625","4.739454965607625","4.739454965607625","44","44","44"
"220","","","","","","","","","","","","","4.608804010916891","4.608804010916891","4.608804010916891","46","46","46","4.586304827772656","4.586304827772656","4.586304827772656","46","46","46"
"230","","","","","","","","","","","","","4.515169226136661","4.515169226136661","4.515169226136661","48","48","48","4.845873427205669","4.845873427205669","4.845873427205669","48","48","48"
"240","","","","","","","","","","","","","4.734372534309327","4.734372534309327","4.734372534309327","50","50","50","4.846947149291536","4.846947149291536","4.846947149291536","50","50","50"
"250","","","","","","","","","","","","","4.708224016899905","4.708224016899905","4.708224016899905","52","52","52","4.710286708021292","4.710286708021292","4.710286708021292","52","52","52"
"260","","","","","","","","","","","","","4.6906889409901735","4.6906889409901735","4.6906889409901735","54","54","54","","","","","",""
"270","","","","","","","","","","","","","4.800537149404784","4.800537149404784","4.800537149404784","56","56","56","","","","","",""
"280","","","","","","","","","","","","","4.731749592504489","4.731749592504489","4.731749592504489","58","58","58","","","","","",""
"290","","","","","","","","","","","","","4.656998502788995","4.656998502788995","4.656998502788995","60","60","60","","","","","",""
"300","","","","","","","","","","","","","4.720987606144098","4.720987606144098","4.720987606144098","62","62","62","","","","","",""
"310","","","","","","","","","","","","","4.643061579107555","4.643061579107555","4.643061579107555","64","64","64","","","","","",""
"320","","","","","","","","","","","","","4.674347562263552","4.674347562263552","4.674347562263552","66","66","66","","","","","",""
"330","","","","","","","","","","","","","4.7668516643039505","4.7668516643039505","4.7668516643039505","68","68","68","","","","","",""
"340","","","","","","","","","","","","","4.717265626407185","4.717265626407185","4.717265626407185","70","70","70","","","","","",""
"350","","","","","","","","","","","","","4.644972375151702","4.644972375151702","4.644972375151702","72","72","72","","","","","",""
"360","","","","","","","","","","","","","4.5959014596908006","4.5959014596908006","4.5959014596908006","74","74","74","","","","","",""
"370","","","","","","","","","","","","","4.766801032611536","4.766801032611536","4.766801032611536","76","76","76","","","","","",""
"380","","","","","","","","","","","","","4.635973692514076","4.635973692514076","4.635973692514076","78","78","78","","","","","",""
"390","","","","","","","","","","","","","4.66448648982144","4.66448648982144","4.66448648982144","80","80","80","","","","","",""
"400","","","","","","","","","","","","","4.620918468843667","4.620918468843667","4.620918468843667","82","82","82","","","","","",""
"410","","","","","","","","","","","","","4.708178888652318","4.708178888652318","4.708178888652318","84","84","84","","","","","",""
"420","","","","","","","","","","","","","4.660836054867287","4.660836054867287","4.660836054867287","86","86","86","","","","","",""
"430","","","","","","","","","","","","","4.605280705538255","4.605280705538255","4.605280705538255","88","88","88","","","","","",""
"440","","","","","","","","","","","","","4.617068258842271","4.617068258842271","4.617068258842271","90","90","90","","","","","",""
"450","","","","","","","","","","","","","4.628881953509218","4.628881953509218","4.628881953509218","92","92","92","","","","","",""
"460","","","","","","","","","","","","","4.742704199433846","4.742704199433846","4.742704199433846","94","94","94","","","","","",""
"470","","","","","","","","","","","","","4.5925537142021655","4.5925537142021655","4.5925537142021655","96","96","96","","","","","",""
"480","","","","","","","","","","","","","4.641856324690309","4.641856324690309","4.641856324690309","98","98","98","","","","","",""
"490","","","","","","","","","","","","","4.550499415724226","4.550499415724226","4.550499415724226","100","100","100","","","","","",""
"500","","","","","","","","","","","","","0","0","0","103","103","103","","","","","",""
"510","","","","","","","","","","","","","4.553373039440963","4.553373039440963","4.553373039440963","105","105","105","","","","","",""
"520","","","","","","","","","","","","","4.741375667852461","4.741375667852461","4.741375667852461","107","107","107","","","","","",""
"530","","","","","","","","","","","","","4.595641697094937","4.595641697094937","4.595641697094937","109","109","109","","","","","",""
"540","","","","","","","","","","","","","4.53354522841605","4.53354522841605","4.53354522841605","111","111","111","","","","","",""
"550","","","","","","","","","","","","","4.65155394482104","4.65155394482104","4.65155394482104","113","113","113","","","","","",""
"560","","","","","","","","","","","","","4.676075093594939","4.676075093594939","4.676075093594939","115","115","115","","","","","",""
"570","","","","","","","","","","","","","4.704791518360924","4.704791518360924","4.704791518360924","117","117","117","","","","","",""
"580","","","","","","","","","","","","","4.726998468584813","4.726998468584813","4.726998468584813","119","119","119","","","","","",""
"590","","","","","","","","","","","","","4.570153868237069","4.570153868237069","4.570153868237069","121","121","121","","","","","",""
"600","","","","","","","","","","","","","4.607038780988435","4.607038780988435","4.607038780988435","123","123","123","","","","","",""
"610","","","","","","","","","","","","","4.629036049964392","4.629036049964392","4.629036049964392","125","125","125","","","","","",""
"620","","","","","","","","","","","","","4.696864356431235","4.696864356431235","4.696864356431235","127","127","127","","","","","",""
"630","","","","","","","","","","","","","4.578623944999002","4.578623944999002","4.578623944999002","129","129","129","","","","","",""
"640","","","","","","","","","","","","","4.655011208861745","4.655011208861745","4.655011208861745","131","131","131","","","","","",""
"650","","","","","","","","","","","","","4.674524222842519","4.674524222842519","4.674524222842519","133","133","133","","","","","",""
"660","","","","","","","","","","","","","4.611842187633973","4.611842187633973","4.611842187633973","135","135","135","","","","","",""
"670","","","","","","","","","","","","","4.57682762060727","4.57682762060727","4.57682762060727","137","137","137","","","","","",""
"680","","","","","","","","","","","","","4.675817532377007","4.675817532377007","4.675817532377007","139","139","139","","","","","",""
"690","","","","","","","","","","","","","4.603750472703938","4.603750472703938","4.603750472703938","141","141","141","","","","","",""
"700","","","","","","","","","","","","","4.671918892061128","4.671918892061128","4.671918892061128","143","143","143","","","","","",""
"710","","","","","","","","","","","","","4.520312470500303","4.520312470500303","4.520312470500303","145","145","145","","","","","",""
"720","","","","","","","","","","","","","4.629998052120258","4.629998052120258","4.629998052120258","147","147","147","","","","","",""
"730","","","","","","","","","","","","","4.5794222196712475","4.5794222196712475","4.5794222196712475","149","149","149","","","","","",""
"740","","","","","","","","","","","","","4.632629249092338","4.632629249092338","4.632629249092338","151","151","151","","","","","",""
"750","","","","","","","","","","","","","4.607569863414299","4.607569863414299","4.607569863414299","153","153","153","","","","","",""
"760","","","","","","","","","","","","","4.569560872056894","4.569560872056894","4.569560872056894","155","155","155","","","","","",""
"770","","","","","","","","","","","","","4.609606413172757","4.609606413172757","4.609606413172757","157","157","157","","","","","",""
"780","","","","","","","","","","","","","4.6431144121779","4.6431144121779","4.6431144121779","159","159","159","","","","","",""
"790","","","","","","","","","","","","","4.641571246248239","4.641571246248239","4.641571246248239","161","161","161","","","","","",""
"800","","","","","","","","","","","","","4.58165716861574","4.58165716861574","4.58165716861574","163","163","163","","","","","",""
"810","","","","","","","","","","","","","4.685998905308085","4.685998905308085","4.685998905308085","165","165","165","","","","","",""
"820","","","","","","","","","","","","","4.586657598586106","4.586657598586106","4.586657598586106","167","167","167","","","","","",""
"830","","","","","","","","","","","","","4.712778667839235","4.712778667839235","4.712778667839235","169","169","169","","","","","",""
"840","","","","","","","","","","","","","4.566134702479466","4.566134702479466","4.566134702479466","171","171","171","","","","","",""
"850","","","","","","","","","","","","","4.615845393401576","4.615845393401576","4.615845393401576","173","173","173","","","","","",""
"860","","","","","","","","","","","","","4.584908878992133","4.584908878992133","4.584908878992133","175","175","175","","","","","",""
"870","","","","","","","","","","","","","4.531603613080869","4.531603613080869","4.531603613080869","177","177","177","","","","","",""
"880","","","","","","","","","","","","","4.676899509630115","4.676899509630115","4.676899509630115","179","179","179","","","","","",""
"890","","","","","","","","","","","","","4.629479077273014","4.629479077273014","4.629479077273014","181","181","181","","","","","",""
"900","","","","","","","","","","","","","4.501375392020739","4.501375392020739","4.501375392020739","183","183","183","","","","","",""
"910","","","","","","","","","","","","","4.62751875022542","4.62751875022542","4.62751875022542","185","185","185","","","","","",""
"920","","","","","","","","","","","","","4.5948973561820035","4.5948973561820035","4.5948973561820035","187","187","187","","","","","",""
"930","","","","","","","","","","","","","4.604604882513424","4.604604882513424","4.604604882513424","189","189","189","","","","","",""
"940","","","","","","","","","","","","","4.613231532280703","4.613231532280703","4.613231532280703","191","191","191","","","","","",""
"950","","","","","","","","","","","","","4.617009371982616","4.617009371982616","4.617009371982616","193","193","193","","","","","",""
"960","","","","","","","","","","","","","4.48603316370257","4.48603316370257","4.48603316370257","195","195","195","","","","","",""
"970","","","","","","","","","","","","","4.570380885336208","4.570380885336208","4.570380885336208","197","197","197","","","","","",""
"980","","","","","","","","","","","","","4.570139284108277","4.570139284108277","4.570139284108277","199","199","199","","","","","",""
"990","","","","","","","","","","","","","4.6197011068478","4.6197011068478","4.6197011068478","201","201","201","","","","","",""
"1000","","","","","","","","","","","","","0","0","0","204","204","204","","","","","",""
"1010","","","","","","","","","","","","","4.572656559772425","4.572656559772425","4.572656559772425","206","206","206","","","","","",""
"1020","","","","","","","","","","","","","4.638394657893742","4.638394657893742","4.638394657893742","208","208","208","","","","","",""
"1030","","","","","","","","","","","","","4.6328092117382","4.6328092117382","4.6328092117382","210","210","210","","","","","",""
"1040","","","","","","","","","","","","","4.492827991858978","4.492827991858978","4.492827991858978","212","212","212","","","","","",""
"1050","","","","","","","","","","","","","4.685150274115668","4.685150274115668","4.685150274115668","214","214","214","","","","","",""
"1060","","","","","","","","","","","","","4.629654637163015","4.629654637163015","4.629654637163015","216","216","216","","","","","",""
"1070","","","","","","","","","","","","","4.5504842812509505","4.5504842812509505","4.5504842812509505","218","218","218","","","","","",""
"1080","","","","","","","","","","","","","4.646790713322743","4.646790713322743","4.646790713322743","220","220","220","","","","","",""
"1090","","","","","","","","","","","","","4.542221959531259","4.542221959531259","4.542221959531259","222","222","222","","","","","",""
"1100","","","","","","","","","","","","","4.616020402947094","4.616020402947094","4.616020402947094","224","224","224","","","","","",""
"1110","","","","","","","","","","","","","4.618040167198827","4.618040167198827","4.618040167198827","226","226","226","","","","","",""
"1120","","","","","","","","","","","","","4.574171658133466","4.574171658133466","4.574171658133466","228","228","228","","","","","",""
"1130","","","","","","","","","","","","","4.6650858149631675","4.6650858149631675","4.6650858149631675","230","230","230","","","","","",""
"1140","","","","","","","","","","","","","4.509618451683533","4.509618451683533","4.509618451683533","232","232","232","","","","","",""
"1150","","","","","","","","","","","","","4.698883019994002","4.698883019994002","4.698883019994002","234","234","234","","","","","",""
"1160","","","","","","","","","","","","","4.579616216101421","4.579616216101421","4.579616216101421","236","236","236","","","","","",""
"1170","","","","","","","","","","","","","4.582804086517814","4.582804086517814","4.582804086517814","238","238","238","","","","","",""
"1180","","","","","","","","","","","","","4.633875229001309","4.633875229001309","4.633875229001309","240","240","240","","","","","",""
"1190","","","","","","","","","","","","","4.620663109003666","4.620663109003666","4.620663109003666","242","242","242","","","","","",""
"1200","","","","","","","","","","","","","4.616751810764684","4.616751810764684","4.616751810764684","244","244","244","","","","","",""
"1210","","","","","","","","","","","","","4.637878985113395","4.637878985113395","4.637878985113395","246","246","246","","","","","",""
"1220","","","","","","","","","","","","","4.60511037392084","4.60511037392084","4.60511037392084","248","248","248","","","","","",""
"1230","","","","","","","","","","","","","4.69090137396052","4.69090137396052","4.69090137396052","250","250","250","","","","","",""
"1240","","","","","","","","","","","","","4.615199288978815","4.615199288978815","4.615199288978815","252","252","252","","","","","",""
"1250","","","","","","","","","","","","","4.6305406917802605","4.6305406917802605","4.6305406917802605","254","254","254","","","","","",""
"1260","","","","","","","","","","","","","4.621601996691257","4.621601996691257","4.621601996691257","256","256","256","","","","","",""
"1270","","","","","","","","","","","","","4.495004053943815","4.495004053943815","4.495004053943815","258","258","258","","","","","",""
"1280","","","","","","","","","","","","","4.633185647364409","4.633185647364409","4.633185647364409","260","260","260","","","","","",""
"1290","","","","","","","","","","","","","4.690915682917072","4.690915682917072","4.690915682917072","262","262","262","","","","","",""
"1300","","","","","","","","","","","","","4.579416165881937","4.579416165881937","4.579416165881937","264","264","264","","","","","",""
"1310","","","","","","","","","","","","","4.586483964901794","4.586483964901794","4.586483964901794","266","266","266","","","","","",""
"1320","","","","","","","","","","","","","4.6689745490783565","4.6689745490783565","4.6689745490783565","268","268","268","","","","","",""
"1330","","","","","","","","","","","","","4.697832412376411","4.697832412376411","4.697832412376411","270","270","270","","","","","",""
"1340","","","","","","","","","","","","","4.584559685417822","4.584559685417822","4.584559685417822","272","272","272","","","","","",""
"1350","","","","","","","","","","","","","4.59088011663009","4.59088011663009","4.59088011663009","274","274","274","","","","","",""
"1360","","","","","","","","","","","","","4.57815697770538","4.57815697770538","4.57815697770538","276","276","276","","","","","",""
"1370","","","","","","","","","","","","","4.692986629205701","4.692986629205701","4.692986629205701","278","278","278","","","","","",""
"1380","","","","","","","","","","","","","4.585951781786965","4.585951781786965","4.585951781786965","280","280","280","","","","","",""
"1390","","","","","","","","","","","","","4.612601663020183","4.612601663020183","4.612601663020183","282","282","282","","","","","",""
"1400","","","","","","","","","","","","","4.629473023483704","4.629473023483704","4.629473023483704","284","284","284","","","","","",""
"1410","","","","","","","","","","","","","4.575341140159333","4.575341140159333","4.575341140159333","286","286","286","","","","","",""
"1420","","","","","","","","","","","","","4.698611700164001","4.698611700164001","4.698611700164001","288","288","288","","","","","",""
"1430","","","","","","","","","","","","","4.621877719277119","4.621877719277119","4.621877719277119","290","290","290","","","","","",""
"1440","","","","","","","","","","","","","4.62116832523884","4.62116832523884","4.62116832523884","292","292","292","","","","","",""
"1450","","","","","","","","","","","","","4.64373024765411","4.64373024765411","4.64373024765411","294","294","294","","","","","",""
"1460","","","","","","","","","","","","","4.582300521316087","4.582300521316087","4.582300521316087","296","296","296","","","","","",""
"1470","","","","","","","","","","","","","4.523555650537213","4.523555650537213","4.523555650537213","298","298","298","","","","","",""
"1480","","","","","","","","","","","","","4.503575118918335","4.503575118918335","4.503575118918335","300","300","300","","","","","",""
"1490","","","","","","","","","","","","","4.584463650305579","4.584463650305579","4.584463650305579","302","302","302","","","","","",""
"1500","","","","","","","","","","","","","0","0","0","305","305","305","","","","","",""
"1510","","","","","","","","","","","","","4.635013891736142","4.635013891736142","4.635013891736142","307","307","307","","","","","",""
"1520","","","","","","","","","","","","","4.593203946208548","4.593203946208548","4.593203946208548","309","309","309","","","","","",""
"1530","","","","","","","","","","","","","4.649889152760688","4.649889152760688","4.649889152760688","311","311","311","","","","","",""
"1540","","","","","","","","","","","","","4.624753819544028","4.624753819544028","4.624753819544028","313","313","313","","","","","",""
"1550","","","","","","","","","","","","","4.590600266460606","4.590600266460606","4.590600266460606","315","315","315","","","","","",""
"1560","","","","","","","","","","","","","4.470671673327503","4.470671673327503","4.470671673327503","317","317","317","","","","","",""
"1570","","","","","","","","","","","","","4.566422257471709","4.566422257471709","4.566422257471709","319","319","319","","","","","",""
"1580","","","","","","","","","","","","","4.538555839759347","4.538555839759347","4.538555839759347","321","321","321","","","","","",""
"1590","","","","","","","","","","","","","4.511978879170095","4.511978879170095","4.511978879170095","323","323","323","","","","","",""
"1600","","","","","","","","","","","","","4.533010568751047","4.533010568751047","4.533010568751047","325","325","325","","","","","",""
"1610","","","","","","","","","","","","","4.493794671942948","4.493794671942948","4.493794671942948","327","327","327","","","","","",""
"1620","","","","","","","","","","","","","4.605774639711533","4.605774639711533","4.605774639711533","329","329","329","","","","","",""
"1630","","","","","","","","","","","","","4.549747645160775","4.549747645160775","4.549747645160775","331","331","331","","","","","",""
"1640","","","","","","","","","","","","","4.518115220152881","4.518115220152881","4.518115220152881","333","333","333","","","","","",""
"1650","","","","","","","","","","","","","4.498923057005556","4.498923057005556","4.498923057005556","335","335","335","","","","","",""
"1660","","","","","","","","","","","","","4.5883177127183545","4.5883177127183545","4.5883177127183545","337","337","337","","","","","",""
"1670","","","","","","","","","","","","","4.586181825780759","4.586181825780759","4.586181825780759","339","339","339","","","","","",""
"1680","","","","","","","","","","","","","4.640386904921336","4.640386904921336","4.640386904921336","341","341","341","","","","","",""
"1690","","","","","","","","","","","","","4.5678363676201625","4.5678363676201625","4.5678363676201625","343","343","343","","","","","",""
"1700","","","","","","","","","","","","","4.439854033326337","4.439854033326337","4.439854033326337","345","345","345","","","","","",""
"1710","","","","","","","","","","","","","4.398950780334092","4.398950780334092","4.398950780334092","347","347","347","","","","","",""
"1720","","","","","","","","","","","","","4.5726994866420805","4.5726994866420805","4.5726994866420805","349","349","349","","","","","",""
"1730","","","","","","","","","","","","","4.676551141572527","4.676551141572527","4.676551141572527","351","351","351","","","","","",""
"1740","","","","","","","","","","","","","4.631328234735091","4.631328234735091","4.631328234735091","353","353","353","","","","","",""
"1750","","","","","","","","","","","","","4.56001817389806","4.56001817389806","4.56001817389806","355","355","355","","","","","",""
"1760","","","","","","","","","","","","","4.580387799066251","4.580387799066251","4.580387799066251","357","357","357","","","","","",""
"1770","","","","","","","","","","","","","4.492354420431562","4.492354420431562","4.492354420431562","359","359","359","","","","","",""
"1780","","","","","","","","","","","","","4.597082774123048","4.597082774123048","4.597082774123048","361","361","361","","","","","",""
"1790","","","","","","","","","","","","","4.631447109143367","4.631447109143367","4.631447109143367","363","363","363","","","","","",""
"1800","","","","","","","","","","","","","4.4771093279146","4.4771093279146","4.4771093279146","365","365","365","","","","","",""
"1810","","","","","","","","","","","","","4.5772054320946856","4.5772054320946856","4.5772054320946856","367","367","367","","","","","",""
"1820","","","","","","","","","","","","","4.462318269595916","4.462318269595916","4.462318269595916","369","369","369","","","","","",""
"1830","","","","","","","","","","","","","4.607196454682746","4.607196454682746","4.607196454682746","371","371","371","","","","","",""
"1840","","","","","","","","","","","","","4.616251822802095","4.616251822802095","4.616251822802095","373","373","373","","","","","",""
"1850","","","","","","","","","","","","","4.59001112269181","4.59001112269181","4.59001112269181","375","375","375","","","","","",""
"1860","","","","","","","","","","","","","4.576915950896754","4.576915950896754","4.576915950896754","377","377","377","","","","","",""
"1870","","","","","","","","","","","","","4.4246733311138575","4.4246733311138575","4.4246733311138575","379","379","379","","","","","",""
"1880","","","","","","","","","","","","","4.5662169789796385","4.5662169789796385","4.5662169789796385","381","381","381","","","","","",""
"1890","","","","","","","","","","","","","4.5399050092588356","4.5399050092588356","4.5399050092588356","383","383","383","","","","","",""
"1900","","","","","","","","","","","","","4.586155134073345","4.586155134073345","4.586155134073345","385","385","385","","","","","",""
"1910","","","","","","","","","","","","","4.671241418002849","4.671241418002849","4.671241418002849","387","387","387","","","","","",""
"1920","","","","","","","","","","","","","4.52117898788841","4.52117898788841","4.52117898788841","389","389","389","","","","","",""
"1930","","","","","","","","","","","","","4.652960625318977","4.652960625318977","4.652960625318977","391","391","391","","","","","",""
"1940","","","","","","","","","","","","","4.464204575310579","4.464204575310579","4.464204575310579","393","393","393","","","","","",""
"1950","","","","","","","","","","","","","4.537071835861583","4.537071835861583","4.537071835861583","395","395","395","","","","","",""
"1960","","","","","","","","","","","","","4.587423402933868","4.587423402933868","4.587423402933868","397","397","397","","","","","",""
"1970","","","","","","","","","","","","","4.498005357580552","4.498005357580552","4.498005357580552","399","399","399","","","","","",""
"1980","","","","","","","","","","","","","4.451623975606905","4.451623975606905","4.451623975606905","401","401","401","","","","","",""
"1990","","","","","","","","","","","","","4.5934072984949275","4.5934072984949275","4.5934072984949275","403","403","403","","","","","",""
"2000","","","","","","","","","","","","","0","0","0","406","406","406","","","","","",""
"2010","","","","","","","","","","","","","4.598750042733572","4.598750042733572","4.598750042733572","408","408","408","","","","","",""
"2020","","","","","","","","","","","","","4.575229420229332","4.575229420229332","4.575229420229332","410","410","410","","","","","",""
"2030","","","","","","","","","","","","","4.456138176226752","4.456138176226752","4.456138176226752","412","412","412","","","","","",""
"2040","","","","","","","","","","","","","4.595855230754249","4.595855230754249","4.595855230754249","414","414","414","","","","","",""
"2050","","","","","","","","","","","","","4.616274386925888","4.616274386925888","4.616274386925888","416","416","416","","","","","",""
"2060","","","","","","","","","","","","","4.608950127377064","4.608950127377064","4.608950127377064","418","418","418","","","","","",""
"2070","","","","","","","","","","","","","4.505721187228861","4.505721187228861","4.505721187228861","420","420","420","","","","","",""
"2080","","","","","","","","","","","","","4.576334236778475","4.576334236778475","4.576334236778475","422","422","422","","","","","",""
"2090","","","","","","","","","","","","","4.539122694576591","4.539122694576591","4.539122694576591","424","424","424","","","","","",""
"2100","","","","","","","","","","","","","4.5255267093022225","4.5255267093022225","4.5255267093022225","426","426","426","","","","","",""
"2110","","","","","","","","","","","","","4.5780361770914135","4.5780361770914135","4.5780361770914135","428","428","428","","","","","",""
"2120","","","","","","","","","","","","","4.581822271960568","4.581822271960568","4.581822271960568","430","430","430","","","","","",""
"2130","","","","","","","","","","","","","4.62811697467818","4.62811697467818","4.62811697467818","432","432","432","","","","","",""
"2140","","","","","","","","","","","","","4.430025431208708","4.430025431208708","4.430025431208708","434","434","434","","","","","",""
"2150","","","","","","","","","","","","","4.467465916715421","4.467465916715421","4.467465916715421","436","436","436","","","","","",""
"2160","","","","","","","","","","","","","4.65260620347208","4.65260620347208","4.65260620347208","438","438","438","","","","","",""
"2170","","","","","","","","","","","","","4.572363226163113","4.572363226163113","4.572363226163113","440","440","440","","","","","",""
"2180","","","","","","","","","","","","","4.45816894736814","4.45816894736814","4.45816894736814","442","442","442","","","","","",""
"2190","","","","","","","","","","","","","4.566314114780846","4.566314114780846","4.566314114780846","444","444","444","","","","","",""
"2200","","","","","","","","","","","","","4.5204252911192695","4.5204252911192695","4.5204252911192695","446","446","446","","","","","",""
"2210","","","","","","","","","","","","","4.57457120822795","4.57457120822795","4.57457120822795","448","448","448","","","","","",""
"2220","","","","","","","","","","","","","4.660689663234872","4.660689663234872","4.660689663234872","450","450","450","","","","","",""
"2230","","","","","","","","","","","","","4.467926004703009","4.467926004703009","4.467926004703009","452","452","452","","","","","",""
"2240","","","","","","","","","","","","","4.4776172958721885","4.4776172958721885","4.4776172958721885","454","454","454","","","","","",""
"2250","","","","","","","","","","","","","4.580923009075736","4.580923009075736","4.580923009075736","456","456","456","","","","","",""
"2260","","","","","","","","","","","","","4.6395382737289195","4.6395382737289195","4.6395382737289195","458","458","458","","","","","",""
"2270","","","","","","","","","","","","","4.6310024308012965","4.6310024308012965","4.6310024308012965","460","460","460","","","","","",""
"2280","","","","","","","","","","","","","4.487603571684128","4.487603571684128","4.487603571684128","462","462","462","","","","","",""
"2290","","","","","","","","","","","","","4.470160953647501","4.470160953647501","4.470160953647501","464","464","464","","","","","",""
"2300","","","","","","","","","","","","","4.5646520744429075","4.5646520744429075","4.5646520744429075","466","466","466","","","","","",""
"2310","","","","","","","","","","","","","4.622191965976776","4.622191965976776","4.622191965976776","468","468","468","","","","","",""
"2320","","","","","","","","","","","","","4.468210257628355","4.468210257628355","4.468210257628355","470","470","470","","","","","",""
"2330","","","","","","","","","","","","","4.561972997500827","4.561972997500827","4.561972997500827","472","472","472","","","","","",""
"2340","","","","","","","","","","","","","4.57084757745759","4.57084757745759","4.57084757745759","474","474","474","","","","","",""
"2350","","","","","","","","","","","","","4.495047531157954","4.495047531157954","4.495047531157954","476","476","476","","","","","",""
"2360","","","","","","","","","","","","","4.628716299819907","4.628716299819907","4.628716299819907","478","478","478","","","","","",""
"2370","","","","","","","","","","","","","4.480163739793924","4.480163739793924","4.480163739793924","480","480","480","","","","","",""
"2380","","","","","","","","","","","","","4.606978243095331","4.606978243095331","4.606978243095331","482","482","482","","","","","",""
"2390","","","","","","","","","","","","","4.484740404512564","4.484740404512564","4.484740404512564","484","484","484","","","","","",""
"2400","","","","","","","","","","","","","4.629665093708187","4.629665093708187","4.629665093708187","486","486","486","","","","","",""
"2410","","","","","","","","","","","","","4.539226709683833","4.539226709683833","4.539226709683833","488","488","488","","","","","",""
"2420","","","","","","","","","","","","","4.5663730016405015","4.5663730016405015","4.5663730016405015","490","490","490","","","","","",""
"2430","","","","","","","","","","","","","4.6124871913677685","4.6124871913677685","4.6124871913677685","492","492","492","","","","","",""
"2440","","","","","","","","","","","","","4.575987244582095","4.575987244582095","4.575987244582095","494","494","494","","","","","",""
"2450","","","","","","","","","","","","","4.514259781878898","4.514259781878898","4.514259781878898","496","496","496","","","","","",""
"2460","","","","","","","","","","","","","4.584340648313682","4.584340648313682","4.584340648313682","498","498","498","","","","","",""
"2470","","","","","","","","","","","","","4.543159746529884","4.543159746529884","4.543159746529884","500","500","500","","","","","",""
"2480","","","","","","","","","","","","","4.512846222074926","4.512846222074926","4.512846222074926","502","502","502","","","","","",""
"2490","","","","","","","","","","","","","4.513802995958207","4.513802995958207","4.513802995958207","504","504","504","","","","","",""
"2500","","","","","","","","","","","","","0","0","0","507","507","507","","","","","",""
"2510","","","","","","","","","","","","","4.605091111863944","4.605091111863944","4.605091111863944","509","509","509","","","","","",""
"2520","","","","","","","","","","","","","4.541859832861603","4.541859832861603","4.541859832861603","511","511","511","","","","","",""
"2530","","","","","","","","","","","","","4.551513150261472","4.551513150261472","4.551513150261472","513","513","513","","","","","",""
"2540","","","","","","","","","","","","","4.637443662627532","4.637443662627532","4.637443662627532","515","515","515","","","","","",""
"2550","","","","","","","","","","","","","4.584588303330925","4.584588303330925","4.584588303330925","517","517","517","","","","","",""
"2560","","","","","","","","","","","","","4.580971164217978","4.580971164217978","4.580971164217978","519","519","519","","","","","",""
"2570","","","","","","","","","","","","","4.445798304084638","4.445798304084638","4.445798304084638","521","521","521","","","","","",""
"2580","","","","","","","","","","","","","4.624434619744027","4.624434619744027","4.624434619744027","523","523","523","","","","","",""
"2590","","","","","","","","","","","","","4.600720826326339","4.600720826326339","4.600720826326339","525","525","525","","","","","",""
"2600","","","","","","","","","","","","","4.560118061421681","4.560118061421681","4.560118061421681","527","527","527","","","","","",""
"2610","","","","","","","","","","","","","4.661516280647979","4.661516280647979","4.661516280647979","529","529","529","","","","","",""
"2620","","","","","","","","","","","","","4.550362104775777","4.550362104775777","4.550362104775777","531","531","531","","","","","",""
"2630","","","","","","","","","","","","","4.576654262095201","4.576654262095201","4.576654262095201","533","533","533","","","","","",""
"2640","","","","","","","","","","","","","4.505719261023172","4.505719261023172","4.505719261023172","535","535","535","","","","","",""
"2650","","","","","","","","","","","","","4.511715264162853","4.511715264162853","4.511715264162853","537","537","537","","","","","",""
"2660","","","","","","","","","","","","","4.689260797057409","4.689260797057409","4.689260797057409","539","539","539","","","","","",""
"2670","","","","","","","","","","","","","4.530427802093451","4.530427802093451","4.530427802093451","541","541","541","","","","","",""
"2680","","","","","","","","","","","","","4.631871975084059","4.631871975084059","4.631871975084059","543","543","543","","","","","",""
"2690","","","","","","","","","","","","","4.5055337949324805","4.5055337949324805","4.5055337949324805","545","545","545","","","","","",""
"2700","","","","","","","","","","","","","4.4940247159367415","4.4940247159367415","4.4940247159367415","547","547","547","","","","","",""
"2710","","","","","","","","","","","","","4.519271769083402","4.519271769083402","4.519271769083402","549","549","549","","","","","",""
"2720","","","","","","","","","","","","","4.5308284528769","4.5308284528769","4.5308284528769","551","551","551","","","","","",""
"2730","","","","","","","","","","","","","4.605192100076531","4.605192100076531","4.605192100076531","553","553","553","","","","","",""
"2740","","","","","","","","","","","","","4.624583212754373","4.624583212754373","4.624583212754373","555","555","555","","","","","",""
"2750","","","","","","","","","","","","","4.467868218532319","4.467868218532319","4.467868218532319","557","557","557","","","","","",""
"2760","","","","","","","","","","","","","4.518512568869434","4.518512568869434","4.518512568869434","559","559","559","","","","","",""
"2770","","","","","","","","","","","","","4.561633159782722","4.561633159782722","4.561633159782722","561","561","561","","","","","",""
"2780","","","","","","","","","","","","","4.510221354064398","4.510221354064398","4.510221354064398","563","563","563","","","","","",""
"2790","","","","","","","","","","","","","4.554230751317346","4.554230751317346","4.554230751317346","565","565","565","","","","","",""
"2800","","","","","","","","","","","","","4.515610327239593","4.515610327239593","4.515610327239593","567","567","567","","","","","",""
"2810","","","","","","","","","","","","","4.528659545270339","4.528659545270339","4.528659545270339","569","569","569","","","","","",""
"2820","","","","","","","","","","","","","4.506119361462138","4.506119361462138","4.506119361462138","571","571","571","","","","","",""
"2830","","","","","","","","","","","","","4.523451910602214","4.523451910602214","4.523451910602214","573","573","573","","","","","",""
"2840","","","","","","","","","","","","","4.514394891449416","4.514394891449416","4.514394891449416","575","575","575","","","","","",""
"2850","","","","","","","","","","","","","4.54795269663025","4.54795269663025","4.54795269663025","577","577","577","","","","","",""
"2860","","","","","","","","","","","","","4.636628602448562","4.636628602448562","4.636628602448562","579","579","579","","","","","",""
"2870","","","","","","","","","","","","","4.635076080662693","4.635076080662693","4.635076080662693","581","581","581","","","","","",""
"2880","","","","","","","","","","","","","4.561568219133757","4.561568219133757","4.561568219133757","583","583","583","","","","","",""
"2890","","","","","","","","","","","","","4.445201730665325","4.445201730665325","4.445201730665325","585","585","585","","","","","",""
"2900","","","","","","","","","","","","","4.620240994785388","4.620240994785388","4.620240994785388","587","587","587","","","","","",""
"2910","","","","","","","","","","","","","4.534845142084331","4.534845142084331","4.534845142084331","589","589","589","","","","","",""
"2920","","","","","","","","","","","","","4.559497823189609","4.559497823189609","4.559497823189609","591","591","591","","","","","",""
"2930","","","","","","","","","","","","","4.50975328608181","4.50975328608181","4.50975328608181","593","593","593","","","","","",""
"2940","","","","","","","","","","","","","4.612110480569319","4.612110480569319","4.612110480569319","595","595","595","","","","","",""
"2950","","","","","","","","","","","","","4.525745746406361","4.525745746406361","4.525745746406361","597","597","597","","","","","",""
"2960","","","","","","","","","","","","","4.581580945904878","4.581580945904878","4.581580945904878","599","599","599","","","","","",""
"2970","","","","","","","","","","","","","4.465512468973861","4.465512468973861","4.465512468973861","601","601","601","","","","","",""
"2980","","","","","","","","","","","","","4.633254990769237","4.633254990769237","4.633254990769237","603","603","603","","","","","",""
"2990","","","","","","","","","","","","","4.585138097469203","4.585138097469203","4.585138097469203","605","605","605","","","","","",""
"3000","","","","","","","","","","","","","0","0","0","608","608","608","","","","","",""
"3010","","","","","","","","","","","","","4.534271958305536","4.534271958305536","4.534271958305536","610","610","610","","","","","",""
"3020","","","","","","","","","","","","","4.67485938263252","4.67485938263252","4.67485938263252","612","612","612","","","","","",""
"3030","","","","","","","","","","","","","4.558853920144779","4.558853920144779","4.558853920144779","614","614","614","","","","","",""
"3040","","","","","","","","","","","","","4.561599313597033","4.561599313597033","4.561599313597033","616","616","616","","","","","",""
"3050","","","","","","","","","","","","","4.542222785047984","4.542222785047984","4.542222785047984","618","618","618","","","","","",""
"3060","","","","","","","","","","","","","4.560784253418063","4.560784253418063","4.560784253418063","620","620","620","","","","","",""
"3070","","","","","","","","","","","","","4.681526255696687","4.681526255696687","4.681526255696687","622","622","622","","","","","",""
"3080","","","","","","","","","","","","","4.5155404334902824","4.5155404334902824","4.5155404334902824","624","624","624","","","","","",""
"3090","","","","","","","","","","","","","4.516821910618392","4.516821910618392","4.516821910618392","626","626","626","","","","","",""
"3100","","","","","","","","","","","","","4.499465146321076","4.499465146321076","4.499465146321076","628","628","628","","","","","",""
"3110","","","","","","","","","","","","","4.545278297616273","4.545278297616273","4.545278297616273","630","630","630","","","","","",""
"3120","","","","","","","","","","","","","4.429153410375774","4.429153410375774","4.429153410375774","632","632","632","","","","","",""
"3130","","","","","","","","","","","","","4.544161648660751","4.544161648660751","4.544161648660751","634","634","634","","","","","",""
"3140","","","","","","","","","","","","","4.624592018266097","4.624592018266097","4.624592018266097","636","636","636","","","","","",""
"3150","","","","","","","","","","","","","4.554342196075105","4.554342196075105","4.554342196075105","638","638","638","","","","","",""
"3160","","","","","","","","","","","","","4.562958939641693","4.562958939641693","4.562958939641693","640","640","640","","","","","",""
"3170","","","","","","","","","","","","","4.500880357158496","4.500880357158496","4.500880357158496","642","642","642","","","","","",""
"3180","","","","","","","","","","","","","4.5732429518188065","4.5732429518188065","4.5732429518188065","644","644","644","","","","","",""
"3190","","","","","","","","","","","","","4.58968229186336","4.58968229186336","4.58968229186336","646","646","646","","","","","",""
"3200","","","","","","","","","","","","","4.508037311984561","4.508037311984561","4.508037311984561","648","648","648","","","","","",""
"3210","","","","","","","","","","","","","4.548516249380597","4.548516249380597","4.548516249380597","650","650","650","","","","","",""
"3220","","","","","","","","","","","","","4.53752779626555","4.53752779626555","4.53752779626555","652","652","652","","","","","",""
"3230","","","","","","","","","","","","","4.493418511488981","4.493418511488981","4.493418511488981","654","654","654","","","","","",""
"3240","","","","","","","","","","","","","4.460297679827459","4.460297679827459","4.460297679827459","656","656","656","","","","","",""
"3250","","","","","","","","","","","","","4.547613134084386","4.547613134084386","4.547613134084386","658","658","658","","","","","",""
"3260","","","","","","","","","","","","","4.565528498031704","4.565528498031704","4.565528498031704","660","660","660","","","","","",""
"3270","","","","","","","","","","","","","4.507068155350419","4.507068155350419","4.507068155350419","662","662","662","","","","","",""
"3280","","","","","","","","","","","","","4.542988039051263","4.542988039051263","4.542988039051263","664","664","664","","","","","",""
"3290","","","","","","","","","","","","","4.468196774188527","4.468196774188527","4.468196774188527","666","666","666","","","","","",""
"3300","","","","","","","","","","","","","4.506147704203001","4.506147704203001","4.506147704203001","668","668","668","","","","","",""
"3310","","","","","","","","","","","","","4.45074397477897","4.45074397477897","4.45074397477897","670","670","670","","","","","",""
"3320","","","","","","","","","","","","","4.570362999140518","4.570362999140518","4.570362999140518","672","672","672","","","","","",""
"3330","","","","","","","","","","","","","4.637399635068911","4.637399635068911","4.637399635068911","674","674","674","","","","","",""
"3340","","","","","","","","","","","","","4.509184505058877","4.509184505058877","4.509184505058877","676","676","676","","","","","",""
"3350","","","","","","","","","","","","","4.597491680073738","4.597491680073738","4.597491680073738","678","678","678","","","","","",""
"3360","","","","","","","","","","","","","4.619307060198143","4.619307060198143","4.619307060198143","680","680","680","","","","","",""
"3370","","","","","","","","","","","","","4.561347806168411","4.561347806168411","4.561347806168411","682","682","682","","","","","",""
"3380","","","","","","","","","","","","","4.574192020879328","4.574192020879328","4.574192020879328","684","684","684","","","","","",""
"3390","","","","","","","","","","","","","4.548370408092666","4.548370408092666","4.548370408092666","686","686","686","","","","","",""
"3400","","","","","","","","","","","","","4.510948083953884","4.510948083953884","4.510948083953884","688","688","688","","","","","",""
"3410","","","","","","","","","","","","","4.518147415305122","4.518147415305122","4.518147415305122","690","690","690","","","","","",""
"3420","","","","","","","","","","","","","4.47355520324493","4.47355520324493","4.47355520324493","692","692","692","","","","","",""
"3430","","","","","","","","","","","","","4.4727739892516505","4.4727739892516505","4.4727739892516505","694","694","694","","","","","",""
"3440","","","","","","","","","","","","","4.5065849528945545","4.5065849528945545","4.5065849528945545","696","696","696","","","","","",""
"3450","","","","","","","","","","","","","4.57556980829192","4.57556980829192","4.57556980829192","698","698","698","","","","","",""
"3460","","","","","","","","","","","","","4.510588158662158","4.510588158662158","4.510588158662158","700","700","700","","","","","",""
"3470","","","","","","","","","","","","","4.563554687544282","4.563554687544282","4.563554687544282","702","702","702","","","","","",""
"3480","","","","","","","","","","","","","4.5077054542614565","4.5077054542614565","4.5077054542614565","704","704","704","","","","","",""
"3490","","","","","","","","","","","","","4.511966496419233","4.511966496419233","4.511966496419233","706","706","706","","","","","",""
"3500","","","","","","","","","","","","","0","0","0","709","709","709","","","","","",""
"3510","","","","","","","","","","","","","4.459701656752629","4.459701656752629","4.459701656752629","711","711","711","","","","","",""
"3520","","","","","","","","","","","","","4.5133874858737215","4.5133874858737215","4.5133874858737215","713","713","713","","","","","",""
"3530","","","","","","","","","","","","","4.451594532177077","4.451594532177077","4.451594532177077","715","715","715","","","","","",""
"3540","","","","","","","","","","","","","4.596701660568735","4.596701660568735","4.596701660568735","717","717","717","","","","","",""
"3550","","","","","","","","","","","","","4.607720657802576","4.607720657802576","4.607720657802576","719","719","719","","","","","",""
"3560","","","","","","","","","","","","","4.535711109127956","4.535711109127956","4.535711109127956","721","721","721","","","","","",""
"3570","","","","","","","","","","","","","4.585299348402652","4.585299348402652","4.585299348402652","723","723","723","","","","","",""
"3580","","","","","","","","","","","","","4.543207076155402","4.543207076155402","4.543207076155402","725","725","725","","","","","",""
"3590","","","","","","","","","","","","","4.562391534479967","4.562391534479967","4.562391534479967","727","727","727","","","","","",""
"3600","","","","","","","","","","","","","4.518963851345298","4.518963851345298","4.518963851345298","729","729","729","","","","","",""
"3610","","","","","","","","","","","","","4.497817414939689","4.497817414939689","4.497817414939689","731","731","731","","","","","",""
"3620","","","","","","","","","","","","","4.4794551712723685","4.4794551712723685","4.4794551712723685","733","733","733","","","","","",""
"3630","","","","","","","","","","","","","4.6096526421093085","4.6096526421093085","4.6096526421093085","735","735","735","","","","","",""
"3640","","","","","","","","","","","","","4.55827991084926","4.55827991084926","4.55827991084926","737","737","737","","","","","",""
"3650","","","","","","","","","","","","","4.44374359295825","4.44374359295825","4.44374359295825","739","739","739","","","","","",""
"3660","","","","","","","","","","","","","4.523102166683419","4.523102166683419","4.523102166683419","741","741","741","","","","","",""
"3670","","","","","","","","","","","","","4.47619438021201","4.47619438021201","4.47619438021201","743","743","743","","","","","",""
"3680","","","","","","","","","","","","","4.52800986360844","4.52800986360844","4.52800986360844","745","745","745","","","","","",""
"3690","","","","","","","","","","","","","4.4919163462232845","4.4919163462232845","4.4919163462232845","747","747","747","","","","","",""
"3700","","","","","","","","","","","","","4.530191429138104","4.530191429138104","4.530191429138104","749","749","749","","","","","",""
"3710","","","","","","","","","","","","","4.49981076265625","4.49981076265625","4.49981076265625","751","751","751","","","","","",""
"3720","","","","","","","","","","","","","4.610222798993449","4.610222798993449","4.610222798993449","753","753","753","","","","","",""
"3730","","","","","","","","","","","","","4.534800013836745","4.534800013836745","4.534800013836745","755","755","755","","","","","",""
"3740","","","","","","","","","","","","","4.594410851659243","4.594410851659243","4.594410851659243","757","757","757","","","","","",""
"3750","","","","","","","","","","","","","4.596704962635632","4.596704962635632","4.596704962635632","759","759","759","","","","","",""
"3760","","","","","","","","","","","","","4.592443920477855","4.592443920477855","4.592443920477855","761","761","761","","","","","",""
"3770","","","","","","","","","","","","","4.522062290783242","4.522062290783242","4.522062290783242","763","763","763","","","","","",""
"3780","","","","","","","","","","","","","4.47076660775078","4.47076660775078","4.47076660775078","765","765","765","","","","","",""
"3790","","","","","","","","","","","","","4.571137333827763","4.571137333827763","4.571137333827763","767","767","767","","","","","",""
"3800","","","","","","","","","","","","","4.505679361048172","4.505679361048172","4.505679361048172","769","769","769","","","","","",""
"3810","","","","","","","","","","","","","4.520648455807029","4.520648455807029","4.520648455807029","771","771","771","","","","","",""
"3820","","","","","","","","","","","","","4.508477037226287","4.508477037226287","4.508477037226287","773","773","773","","","","","",""
"3830","","","","","","","","","","","","","4.530985576226729","4.530985576226729","4.530985576226729","775","775","775","","","","","",""
"3840","","","","","","","","","","","","","4.661538844771773","4.661538844771773","4.661538844771773","777","777","777","","","","","",""
"3850","","","","","","","","","","","","","4.600004277809784","4.600004277809784","4.600004277809784","779","779","779","","","","","",""
"3860","","","","","","","","","","","","","4.586135872016448","4.586135872016448","4.586135872016448","781","781","781","","","","","",""
"3870","","","","","","","","","","","","","4.506845541007142","4.506845541007142","4.506845541007142","783","783","783","","","","","",""
"3880","","","","","","","","","","","","","4.589325668638532","4.589325668638532","4.589325668638532","785","785","785","","","","","",""
"3890","","","","","","","","","","","","","4.468844254472496","4.468844254472496","4.468844254472496","787","787","787","","","","","",""
"3900","","","","","","","","","","","","","4.488886699845685","4.488886699845685","4.488886699845685","789","789","789","","","","","",""
"3910","","","","","","","","","","","","","4.5749484693708835","4.5749484693708835","4.5749484693708835","791","791","791","","","","","",""
"3920","","","","","","","","","","","","","4.568459632746889","4.568459632746889","4.568459632746889","793","793","793","","","","","",""
"3930","","","","","","","","","","","","","4.603703968595145","4.603703968595145","4.603703968595145","795","795","795","","","","","",""
"3940","","","","","","","","","","","","","4.553180143699755","4.553180143699755","4.553180143699755","797","797","797","","","","","",""
"3950","","","","","","","","","","","","","4.569814030518964","4.569814030518964","4.569814030518964","799","799","799","","","","","",""
"3960","","","","","","","","","","","","","4.552380768338545","4.552380768338545","4.552380768338545","801","801","801","","","","","",""
"3970","","","","","","","","","","","","","4.434683546910797","4.434683546910797","4.434683546910797","803","803","803","","","","","",""
"3980","","","","","","","","","","","","","4.554683409654417","4.554683409654417","4.554683409654417","805","805","805","","","","","",""
"3990","","","","","","","","","","","","","4.533754084147257","4.533754084147257","4.533754084147257","807","807","807","","","","","",""
"4000","","","","","","","","","","","","","0","0","0","810","810","810","","","","","",""
"4010","","","","","","","4.6287900459805975","4.6287900459805975","4.6287900459805975","3","3","3","4.628777938401976","4.628777938401976","4.628777938401976","812","812","812","","","","","",""
"4020","","","","","","","4.662591103422812","4.662591103422812","4.662591103422812","5","5","5","4.662615868924536","4.662615868924536","4.662615868924536","814","814","814","","","","","",""
"4030","","","","","","","4.501925461331259","4.501925461331259","4.501925461331259","7","7","7","4.501896017901431","4.501896017901431","4.501896017901431","816","816","816","","","","","",""
"4040","","","","","","","4.543831717143336","4.543831717143336","4.543831717143336","9","9","9","4.543754668915748","4.543754668915748","4.543754668915748","818","818","818","","","","","",""
"4050","","","","","","","4.628429019999906","4.628429019999906","4.628429019999906","11","11","11","4.628349770394389","4.628349770394389","4.628349770394389","820","820","820","","","","","",""
"4060","","","","","","","4.516537107348563","4.516537107348563","4.516537107348563","13","13","13","4.516620484537701","4.516620484537701","4.516620484537701","822","822","822","","","","","",""
"4070","","","","","","","4.488864961238616","4.488864961238616","4.488864961238616","15","15","15","4.488831665397409","4.488831665397409","4.488831665397409","824","824","824","","","","","",""
"4080","","","","","","","4.599561250501162","4.599561250501162","4.599561250501162","17","17","17","4.599559599467713","4.599559599467713","4.599559599467713","826","826","826","","","","","",""
"4090","","","","","","","4.586427004247829","4.586427004247829","4.586427004247829","19","19","19","4.586402238746104","4.586402238746104","4.586402238746104","828","828","828","","","","","",""
"4100","","","","","","","4.556726563546667","4.556726563546667","4.556726563546667","21","21","21","4.5568077393578745","4.5568077393578745","4.5568077393578745","830","830","830","","","","","",""
"4110","","","","","","","4.508702953636461","4.508702953636461","4.508702953636461","23","23","23","4.508753860501116","4.508753860501116","4.508753860501116","832","832","832","","","","","",""
"4120","","","","","","","4.508155085703872","4.508155085703872","4.508155085703872","25","25","25","4.508163616043355","4.508163616043355","4.508163616043355","834","834","834","","","","","",""
"4130","","","","","","","4.473861745121828","4.473861745121828","4.473861745121828","27","27","27","4.4738424830649315","4.4738424830649315","4.4738424830649315","836","836","836","","","","","",""
"4140","","","","","","","4.559979924956509","4.559979924956509","4.559979924956509","29","29","29","4.559941400842716","4.559941400842716","4.559941400842716","838","838","838","","","","","",""
"4150","","","","","","","4.483556063185662","4.483556063185662","4.483556063185662","31","31","31","4.483517539071869","4.483517539071869","4.483517539071869","840","840","840","","","","","",""
"4160","","","","","","","4.416421741111581","4.416421741111581","4.416421741111581","33","33","33","4.4163559749458905","4.4163559749458905","4.4163559749458905","842","842","842","","","","","",""
"4170","","","","","","","4.472276202666993","4.472276202666993","4.472276202666993","35","35","35","4.472282806800786","4.472282806800786","4.472282806800786","844","844","844","","","","","",""
"4180","","","","","","","4.576477601516235","4.576477601516235","4.576477601516235","37","37","37","4.576431922924165","4.576431922924165","4.576431922924165","846","846","846","","","","","",""
"4190","","","","","","","4.5308529432063835","4.5308529432063835","4.5308529432063835","39","39","39","4.530909078343624","4.530909078343624","4.530909078343624","848","848","848","","","","","",""
"4200","","","","","","","4.557996483440638","4.557996483440638","4.557996483440638","41","41","41","4.558013268947362","4.558013268947362","4.558013268947362","850","850","850","","","","","",""
"4210","","","","","","","4.5295808219344815","4.5295808219344815","4.5295808219344815","43","43","43","4.529566788150171","4.529566788150171","4.529566788150171","852","852","852","","","","","",""
"4220","","","","","","","4.5299404720539656","4.5299404720539656","4.5299404720539656","45","45","45","4.529978445823276","4.529978445823276","4.529978445823276","854","854","854","","","","","",""
"4230","","","","","","","4.578235676966414","4.578235676966414","4.578235676966414","47","47","47","4.5781674342505525","4.5781674342505525","4.5781674342505525","856","856","856","","","","","",""
"4240","","","","","","","4.484457527448425","4.484457527448425","4.484457527448425","49","49","49","4.48444266814739","4.48444266814739","4.48444266814739","858","858","858","","","","","",""
"4250","","","","","","","4.4664227387483475","4.4664227387483475","4.4664227387483475","51","51","51","4.4664252152985195","4.4664252152985195","4.4664252152985195","860","860","860","","","","","",""
"4260","","","","","","","4.472664745871823","4.472664745871823","4.472664745871823","53","53","53","4.472701343779926","4.472701343779926","4.472701343779926","862","862","862","","","","","",""
"4270","","","","","","","4.5582988977339145","4.5582988977339145","4.5582988977339145","55","55","55","4.558351455632018","4.558351455632018","4.558351455632018","864","864","864","","","","","",""
"4280","","","","","","","4.459195339828489","4.459195339828489","4.459195339828489","57","57","57","4.45919754120642","4.45919754120642","4.45919754120642","866","866","866","","","","","",""
"4290","","","","","","","4.441362252381343","4.441362252381343","4.441362252381343","59","59","59","4.44135564824755","4.44135564824755","4.44135564824755","868","868","868","","","","","",""
"4300","","","","","","","4.473933840249069","4.473933840249069","4.473933840249069","61","61","61","4.473956679545104","4.473956679545104","4.473956679545104","870","870","870","","","","","",""
"4310","","","","","","","4.485096202220669","4.485096202220669","4.485096202220669","63","63","63","4.485043919494807","4.485043919494807","4.485043919494807","872","872","872","","","","","",""
"4320","","","","","","","4.484423406090493","4.484423406090493","4.484423406090493","65","65","65","4.48462400665446","4.48462400665446","4.48462400665446","874","874","874","","","","","",""
"4330","","","","","","","4.6030661193396245","4.6030661193396245","4.6030661193396245","67","67","67","4.603093636563763","4.603093636563763","4.603093636563763","876","876","876","","","","","",""
"4340","","","","","","","4.552534864793718","4.552534864793718","4.552534864793718","69","69","69","4.552554126850614","4.552554126850614","4.552554126850614","878","878","878","","","","","",""
"4350","","","","","","","4.589294849347496","4.589294849347496","4.589294849347496","71","71","71","4.589322916916117","4.589322916916117","4.589322916916117","880","880","880","","","","","",""
"4360","","","","","","","4.459867585614181","4.459867585614181","4.459867585614181","73","73","73","4.459832088395043","4.459832088395043","4.459832088395043","882","882","882","","","","","",""
"4370","","","","","","","4.5053821750274805","4.5053821750274805","4.5053821750274805","75","75","75","4.505447390848688","4.505447390848688","4.505447390848688","884","884","884","","","","","",""
"4380","","","","","","","4.510227407853709","4.510227407853709","4.510227407853709","77","77","77","4.510164118238191","4.510164118238191","4.510164118238191","886","886","886","","","","","",""
"4390","","","","","","","4.546516572702485","4.546516572702485","4.546516572702485","79","79","79","4.5464098058728295","4.5464098058728295","4.5464098058728295","888","888","888","","","","","",""
"4400","","","","","","","4.479522588471507","4.479522588471507","4.479522588471507","81","81","81","4.479532769844438","4.479532769844438","4.479532769844438","890","890","890","","","","","",""
"4410","","","","","","","4.607160131946884","4.607160131946884","4.607160131946884","83","83","83","4.6070588685620555","4.6070588685620555","4.6070588685620555","892","892","892","","","","","",""
"4420","","","","","","","4.451149578662764","4.451149578662764","4.451149578662764","85","85","85","4.451194982082592","4.451194982082592","4.451194982082592","894","894","894","","","","","",""
"4430","","","","","","","4.525096890261186","4.525096890261186","4.525096890261186","87","87","87","4.525006633766013","4.525006633766013","4.525006633766013","896","896","896","","","","","",""
"4440","","","","","","","4.514968350400453","4.514968350400453","4.514968350400453","89","89","89","4.515066586890625","4.515066586890625","4.515066586890625","898","898","898","","","","","",""
"4450","","","","","","","4.503094668184884","4.503094668184884","4.503094668184884","91","91","91","4.503035781325229","4.503035781325229","4.503035781325229","900","900","900","","","","","",""
"4460","","","","","","","4.583760034884369","4.583760034884369","4.583760034884369","93","93","93","4.583849190690576","4.583849190690576","4.583849190690576","902","902","902","","","","","",""
"4470","","","","","","","4.58848033951301","4.58848033951301","4.58848033951301","95","95","95","4.588545280161976","4.588545280161976","4.588545280161976","904","904","904","","","","","",""
"4480","","","","","","","4.585829330139551","4.585829330139551","4.585829330139551","97","97","97","4.585781174997309","4.585781174997309","4.585781174997309","906","906","906","","","","","",""
"4490","","","","","","","4.509453898683188","4.509453898683188","4.509453898683188","99","99","99","4.509431609731635","4.509431609731635","4.509431609731635","908","908","908","","","","","",""
"4500","","","","","","","0","0","0","102","102","102","0","0","0","911","911","911","","","","","",""
"4510","","","","","","","4.63518504887028","4.63518504887028","4.63518504887028","104","104","104","4.635147625445453","4.635147625445453","4.635147625445453","913","913","913","","","","","",""
"4520","","","","","","","4.432193513298545","4.432193513298545","4.432193513298545","106","106","106","4.432193513298545","4.432193513298545","4.432193513298545","915","915","915","","","","","",""
"4530","","","","","","","4.382552991297987","4.382552991297987","4.382552991297987","108","108","108","4.382596743684366","4.382596743684366","4.382596743684366","917","917","917","","","","","",""
"4540","","","","","","","4.580400181817113","4.580400181817113","4.580400181817113","110","110","110","4.5803872487217685","4.5803872487217685","4.5803872487217685","919","919","919","","","","","",""
"4550","","","","","","","4.5062253027750705","4.5062253027750705","4.5062253027750705","112","112","112","4.506295471696622","4.506295471696622","4.506295471696622","921","921","921","","","","","",""
"4560","","","","","","","4.456059752137958","4.456059752137958","4.456059752137958","114","114","114","4.456038013530889","4.456038013530889","4.456038013530889","923","923","923","","","","","",""
"4570","","","","","","","4.512170123877855","4.512170123877855","4.512170123877855","116","116","116","4.512164620433027","4.512164620433027","4.512164620433027","925","925","925","","","","","",""
"4580","","","","","","","4.561831834141","4.561831834141","4.561831834141","118","118","118","4.561832659657723","4.561832659657723","4.561832659657723","927","927","927","","","","","",""
"4590","","","","","","","4.482209095064105","4.482209095064105","4.482209095064105","120","120","120","","","","","","","","","","","",""
"4600","","","","","","","4.494715123090366","4.494715123090366","4.494715123090366","122","122","122","","","","","","","","","","","",""
"4610","","","","","","","4.574307042876225","4.574307042876225","4.574307042876225","124","124","124","","","","","","","","","","","",""
"4620","","","","","","","4.4642087028942","4.4642087028942","4.4642087028942","126","126","126","","","","","","","","","","","",""
"4630","","","","","","","4.37533797512899","4.37533797512899","4.37533797512899","128","128","128","","","","","","","","","","","",""
"4640","","","","","","","4.478685514513228","4.478685514513228","4.478685514513228","130","130","130","","","","","","","","","","","",""
"4650","","","","","","","4.5135484616349295","4.5135484616349295","4.5135484616349295","132","132","132","","","","","","","","","","","",""
"4660","","","","","","","4.524751273926012","4.524751273926012","4.524751273926012","134","134","134","","","","","","","","","","","",""
"4670","","","","","","","4.549050083528876","4.549050083528876","4.549050083528876","136","136","136","","","","","","","","","","","",""
"4680","","","","","","","4.525879755287914","4.525879755287914","4.525879755287914","138","138","138","","","","","","","","","","","",""
"4690","","","","","","","4.520101138218923","4.520101138218923","4.520101138218923","140","140","140","","","","","","","","","","","",""
"4700","","","","","","","4.506924240268177","4.506924240268177","4.506924240268177","142","142","142","","","","","","","","","","","",""
"4710","","","","","","","4.530254168409139","4.530254168409139","4.530254168409139","144","144","144","","","","","","","","","","","",""
"4720","","","","","","","4.433460681470102","4.433460681470102","4.433460681470102","146","146","146","","","","","","","","","","","",""
"4730","","","","","","","4.4059451083655015","4.4059451083655015","4.4059451083655015","148","148","148","","","","","","","","","","","",""
"4740","","","","","","","4.481903929048414","4.481903929048414","4.481903929048414","150","150","150","","","","","","","","","","","",""
"4750","","","","","","","4.518233544216674","4.518233544216674","4.518233544216674","152","152","152","","","","","","","","","","","",""
"4760","","","","","","","4.4698051559393965","4.4698051559393965","4.4698051559393965","154","154","154","","","","","","","","","","","",""
"4770","","","","","","","4.5186176846656405","4.5186176846656405","4.5186176846656405","156","156","156","","","","","","","","","","","",""
"4780","","","","","","","4.462282497204536","4.462282497204536","4.462282497204536","158","158","158","","","","","","","","","","","",""
"4790","","","","","","","4.577610485633998","4.577610485633998","4.577610485633998","160","160","160","","","","","","","","","","","",""
"4800","","","","","","","4.460982308364014","4.460982308364014","4.460982308364014","162","162","162","","","","","","","","","","","",""
"4810","","","","","","","4.573100412597771","4.573100412597771","4.573100412597771","164","164","164","","","","","","","","","","","",""
"4820","","","","","","","4.522054861132725","4.522054861132725","4.522054861132725","166","166","166","","","","","","","","","","","",""
"4830","","","","","","","4.576720853777615","4.576720853777615","4.576720853777615","168","168","168","","","","","","","","","","","",""
"4840","","","","","","","4.581335767437807","4.581335767437807","4.581335767437807","170","170","170","","","","","","","","","","","",""
"4850","","","","","","","4.494912421587435","4.494912421587435","4.494912421587435","172","172","172","","","","","","","","","","","",""
"4860","","","","","","","4.436522522999943","4.436522522999943","4.436522522999943","174","174","174","","","","","","","","","","","",""
"4870","","","","","","","4.621688400775049","4.621688400775049","4.621688400775049","176","176","176","","","","","","","","","","","",""
"4880","","","","","","","4.564692799934632","4.564692799934632","4.564692799934632","178","178","178","","","","","","","","","","","",""
"4890","","","","","","","4.499435702891248","4.499435702891248","4.499435702891248","180","180","180","","","","","","","","","","","",""
"4900","","","","","","","4.490043248776208","4.490043248776208","4.490043248776208","182","182","182","","","","","","","","","","","",""
"4910","","","","","","","4.577614062873136","4.577614062873136","4.577614062873136","184","184","184","","","","","","","","","","","",""
"4920","","","","","","","4.489524549101206","4.489524549101206","4.489524549101206","186","186","186","","","","","","","","","","","",""
"4930","","","","","","","4.535009970256918","4.535009970256918","4.535009970256918","188","188","188","","","","","","","","","","","",""
"4940","","","","","","","4.560617499039787","4.560617499039787","4.560617499039787","190","190","190","","","","","","","","","","","",""
"4950","","","","","","","4.619224508525729","4.619224508525729","4.619224508525729","192","192","192","","","","","","","","","","","",""
"4960","","","","","","","4.487781608124301","4.487781608124301","4.487781608124301","194","194","194","","","","","","","","","","","",""
"4970","","","","","","","4.576870272304684","4.576870272304684","4.576870272304684","196","196","196","","","","","","","","","","","",""
"4980","","","","","","","4.431192161512161","4.431192161512161","4.431192161512161","198","198","198","","","","","","","","","","","",""
"4990","","","","","","","4.528617443917408","4.528617443917408","4.528617443917408","200","200","200","","","","","","","","","","","",""
"5000","","","","","","","0","0","0","203","203","203","","","","","","","","","","","",""
"5010","4.5184765213058125","4.5184765213058125","4.5184765213058125","3","3","3","4.518464688899433","4.518464688899433","4.518464688899433","205","205","205","","","","","","","","","","","",""
"5020","4.476458820735977","4.476458820735977","4.476458820735977","5","5","5","4.476558708259598","4.476558708259598","4.476558708259598","207","207","207","","","","","","","","","","","",""
"5030","4.47354116946062","4.47354116946062","4.47354116946062","7","7","7","4.473560431517516","4.473560431517516","4.473560431517516","209","209","209","","","","","","","","","","","",""
"5040","4.461042020740393","4.461042020740393","4.461042020740393","9","9","9","4.460916817370565","4.460916817370565","4.460916817370565","211","211","211","","","","","","","","","","","",""
"5050","4.582283460637122","4.582283460637122","4.582283460637122","11","11","11","4.582321434406432","4.582321434406432","4.582321434406432","213","213","213","","","","","","","","","","","",""
"5060","4.466164902358174","4.466164902358174","4.466164902358174","13","13","13","4.466219386461967","4.466219386461967","4.466219386461967","215","215","215","","","","","","","","","","","",""
"5070","4.603274975070832","4.603274975070832","4.603274975070832","15","15","15","4.603370735010833","4.603370735010833","4.603370735010833","217","217","217","","","","","","","","","","","",""
"5080","4.623089577828159","4.623089577828159","4.623089577828159","17","17","17","4.623162223299884","4.623162223299884","4.623162223299884","219","219","219","","","","","","","","","","","",""
"5090","4.564546133129976","4.564546133129976","4.564546133129976","19","19","19","4.564644094447908","4.564644094447908","4.564644094447908","221","221","221","","","","","","","","","","","",""
"5100","4.57805543914831","4.57805543914831","4.57805543914831","21","21","21","4.578057915698483","4.578057915698483","4.578057915698483","223","223","223","","","","","","","","","","","",""
"5110","4.442825343188764","4.442825343188764","4.442825343188764","23","23","23","4.44276480529566","4.44276480529566","4.44276480529566","225","225","225","","","","","","","","","","","",""
"5120","4.530515031693968","4.530515031693968","4.530515031693968","25","25","25","4.530479534474829","4.530479534474829","4.530479534474829","227","227","227","","","","","","","","","","","",""
"5130","4.636559259043734","4.636559259043734","4.636559259043734","27","27","27","4.636537245264424","4.636537245264424","4.636537245264424","229","229","229","","","","","","","","","","","",""
"5140","4.558635158212882","4.558635158212882","4.558635158212882","29","29","29","4.558637634763055","4.558637634763055","4.558637634763055","231","231","231","","","","","","","","","","","",""
"5150","4.538769098246417","4.538769098246417","4.538769098246417","31","31","31","4.538730849304866","4.538730849304866","4.538730849304866","233","233","233","","","","","","","","","","","",""
"5160","4.51841625858495","4.51841625858495","4.51841625858495","33","33","33","4.518395620666847","4.518395620666847","4.518395620666847","235","235","235","","","","","","","","","","","",""
"5170","4.486669361924641","4.486669361924641","4.486669361924641","35","35","35","4.48662533436602","4.48662533436602","4.48662533436602","237","237","237","","","","","","","","","","","",""
"5180","4.547048205472833","4.547048205472833","4.547048205472833","37","37","37","4.546959324838866","4.546959324838866","4.546959324838866","239","239","239","","","","","","","","","","","",""
"5190","4.520302013955131","4.520302013955131","4.520302013955131","39","39","39","4.520339987724442","4.520339987724442","4.520339987724442","241","241","241","","","","","","","","","","","",""
"5200","4.556344349303389","4.556344349303389","4.556344349303389","41","41","41","4.556396081684769","4.556396081684769","4.556396081684769","243","243","243","","","","","","","","","","","",""
"5210","4.56257342333152","4.56257342333152","4.56257342333152","43","43","43","4.562570946781347","4.562570946781347","4.562570946781347","245","245","245","","","","","","","","","","","",""
"5220","4.582164311056604","4.582164311056604","4.582164311056604","45","45","45","4.58217366691281","4.58217366691281","4.58217366691281","247","247","247","","","","","","","","","","","",""
"5230","4.530639409547072","4.530639409547072","4.530639409547072","47","47","47","4.530678759177589","4.530678759177589","4.530678759177589","249","249","249","","","","","","","","","","","",""
"5240","4.5519129755281975","4.5519129755281975","4.5519129755281975","49","49","49","4.5520392795869915","4.5520392795869915","4.5520392795869915","251","251","251","","","","","","","","","","","",""
"5250","4.530769015672762","4.530769015672762","4.530769015672762","51","51","51","4.530767364639313","4.530767364639313","4.530767364639313","253","253","253","","","","","","","","","","","",""
"5260","4.645614076818601","4.645614076818601","4.645614076818601","53","53","53","4.645599217517566","4.645599217517566","4.645599217517566","255","255","255","","","","","","","","","","","",""
"5270","4.557434031379255","4.557434031379255","4.557434031379255","55","55","55","4.557501173406153","4.557501173406153","4.557501173406153","257","257","257","","","","","","","","","","","",""
"5280","4.44861716852534","4.44861716852534","4.44861716852534","57","57","57","4.4486589947060295","4.4486589947060295","4.4486589947060295","259","259","259","","","","","","","","","","","",""
"5290","4.517906639593914","4.517906639593914","4.517906639593914","59","59","59","4.517888203053741","4.517888203053741","4.517888203053741","261","261","261","","","","","","","","","","","",""
"5300","4.589364743096807","4.589364743096807","4.589364743096807","61","61","61","4.589358689307497","4.589358689307497","4.589358689307497","263","263","263","","","","","","","","","","","",""
"5310","4.572201975229664","4.572201975229664","4.572201975229664","63","63","63","4.572162900771389","4.572162900771389","4.572162900771389","265","265","265","","","","","","","","","","","",""
"5320","4.5482718964302515","4.5482718964302515","4.5482718964302515","65","65","65","4.5482773998750785","4.5482773998750785","4.5482773998750785","267","267","267","","","","","","","","","","","",""
"5330","4.514205572947346","4.514205572947346","4.514205572947346","67","67","67","4.514205572947346","4.514205572947346","4.514205572947346","269","269","269","","","","","","","","","","","",""
"5340","4.577436851949687","4.577436851949687","4.577436851949687","69","69","69","4.57739364990779","4.57739364990779","4.57739364990779","271","271","271","","","","","","","","","","","",""
"5350","4.497611861275378","4.497611861275378","4.497611861275378","71","71","71","4.497603606108137","4.497603606108137","4.497603606108137","273","273","273","","","","","","","","","","","",""
"5360","4.554866949539417","4.554866949539417","4.554866949539417","73","73","73","4.554823747497521","4.554823747497521","4.554823747497521","275","275","275","","","","","","","","","","","",""
"5370","4.484451198486873","4.484451198486873","4.484451198486873","75","75","75","4.484390110249287","4.484390110249287","4.484390110249287","277","277","277","","","","","","","","","","","",""
"5380","4.576635825555028","4.576635825555028","4.576635825555028","77","77","77","4.576625093837615","4.576625093837615","4.576625093837615","279","279","279","","","","","","","","","","","",""
"5390","4.559445815635989","4.559445815635989","4.559445815635989","79","79","79","4.559497272845127","4.559497272845127","4.559497272845127","281","281","281","","","","","","","","","","","",""
"5400","4.5353619155536435","4.5353619155536435","4.5353619155536435","81","81","81","4.535408694834678","4.535408694834678","4.535408694834678","283","283","283","","","","","","","","","","","",""
"5410","4.5803228584172855","4.5803228584172855","4.5803228584172855","83","83","83","4.580342395646424","4.580342395646424","4.580342395646424","285","285","285","","","","","","","","","","","",""
"5420","4.549164830353531","4.549164830353531","4.549164830353531","85","85","85","4.549160427597669","4.549160427597669","4.549160427597669","287","287","287","","","","","","","","","","","",""
"5430","4.513226785284756","4.513226785284756","4.513226785284756","87","87","87","4.513129099139066","4.513129099139066","4.513129099139066","289","289","289","","","","","","","","","","","",""
"5440","4.488495955262925","4.488495955262925","4.488495955262925","89","89","89","4.488474767000339","4.488474767000339","4.488474767000339","291","291","291","","","","","","","","","","","",""
"5450","4.47912248803254","4.47912248803254","4.47912248803254","91","91","91","4.47903278188185","4.47903278188185","4.47903278188185","293","293","293","","","","","","","","","","","",""
"5460","4.592487948036476","4.592487948036476","4.592487948036476","93","93","93","4.592451350128372","4.592451350128372","4.592451350128372","295","295","295","","","","","","","","","","","",""
"5470","4.617162367748823","4.617162367748823","4.617162367748823","95","95","95","4.617147508447789","4.617147508447789","4.617147508447789","297","297","297","","","","","","","","","","","",""
"5480","4.5130322385101","4.5130322385101","4.5130322385101","97","97","97","4.513039392988375","4.513039392988375","4.513039392988375","299","299","299","","","","","","","","","","","",""
"5490","4.474401908231657","4.474401908231657","4.474401908231657","99","99","99","4.47446217095252","4.47446217095252","4.47446217095252","301","301","301","","","","","","","","","","","",""
"5500","0","0","0","102","102","102","","","","","","","","","","","","","","","","","",""
"5510","4.589148457715082","4.589148457715082","4.589148457715082","104","104","104","","","","","","","","","","","","","","","","","",""
"5520","4.538848347851935","4.538848347851935","4.538848347851935","106","106","106","","","","","","","","","","","","","","","","","",""
"5530","4.519114920905815","4.519114920905815","4.519114920905815","108","108","108","","","","","","","","","","","","","","","","","",""
"5540","4.506641363204038","4.506641363204038","4.506641363204038","110","110","110","","","","","","","","","","","","","","","","","",""
"5550","4.5029345179404014","4.5029345179404014","4.5029345179404014","112","112","112","","","","","","","","","","","","","","","","","",""
"5560","4.528268250343096","4.528268250343096","4.528268250343096","114","114","114","","","","","","","","","","","","","","","","","",""
"5570","4.5792092363564185","4.5792092363564185","4.5792092363564185","116","116","116","","","","","","","","","","","","","","","","","",""
"5580","4.522596675276002","4.522596675276002","4.522596675276002","118","118","118","","","","","","","","","","","","","","","","","",""
"5590","4.567704835288783","4.567704835288783","4.567704835288783","120","120","120","","","","","","","","","","","","","","","","","",""
"5600","4.430806645201987","4.430806645201987","4.430806645201987","122","122","122","","","","","","","","","","","","","","","","","",""
"5610","4.490234493483967","4.490234493483967","4.490234493483967","124","124","124","","","","","","","","","","","","","","","","","",""
"5620","4.542864211542642","4.542864211542642","4.542864211542642","126","126","126","","","","","","","","","","","","","","","","","",""
"5630","4.550800729328538","4.550800729328538","4.550800729328538","128","128","128","","","","","","","","","","","","","","","","","",""
"5640","4.4873281242705065","4.4873281242705065","4.4873281242705065","130","130","130","","","","","","","","","","","","","","","","","",""
"5650","4.564982556304806","4.564982556304806","4.564982556304806","132","132","132","","","","","","","","","","","","","","","","","",""
"5660","4.615563617026402","4.615563617026402","4.615563617026402","134","134","134","","","","","","","","","","","","","","","","","",""
"5670","4.557736445672534","4.557736445672534","4.557736445672534","136","136","136","","","","","","","","","","","","","","","","","",""
"5680","4.522445330543244","4.522445330543244","4.522445330543244","138","138","138","","","","","","","","","","","","","","","","","",""
"5690","4.458447146504175","4.458447146504175","4.458447146504175","140","140","140","","","","","","","","","","","","","","","","","",""
"5700","4.519970431404268","4.519970431404268","4.519970431404268","142","142","142","","","","","","","","","","","","","","","","","",""
"5710","4.545869092418517","4.545869092418517","4.545869092418517","144","144","144","","","","","","","","","","","","","","","","","",""
"5720","4.376706681857617","4.376706681857617","4.376706681857617","146","146","146","","","","","","","","","","","","","","","","","",""
"5730","4.538238290992794","4.538238290992794","4.538238290992794","148","148","148","","","","","","","","","","","","","","","","","",""
"5740","4.532751356499667","4.532751356499667","4.532751356499667","150","150","150","","","","","","","","","","","","","","","","","",""
"5750","4.574760801902262","4.574760801902262","4.574760801902262","152","152","152","","","","","","","","","","","","","","","","","",""
"5760","4.51290675996803","4.51290675996803","4.51290675996803","154","154","154","","","","","","","","","","","","","","","","","",""
"5770","4.502476631330744","4.502476631330744","4.502476631330744","156","156","156","","","","","","","","","","","","","","","","","",""
"5780","4.566575253237916","4.566575253237916","4.566575253237916","158","158","158","","","","","","","","","","","","","","","","","",""
"5790","4.499189148562971","4.499189148562971","4.499189148562971","160","160","160","","","","","","","","","","","","","","","","","",""
"5800","4.535147556377608","4.535147556377608","4.535147556377608","162","162","162","","","","","","","","","","","","","","","","","",""
"5810","4.540658706027977","4.540658706027977","4.540658706027977","164","164","164","","","","","","","","","","","","","","","","","",""
"5820","4.599962451629095","4.599962451629095","4.599962451629095","166","166","166","","","","","","","","","","","","","","","","","",""
"5830","4.4674458291418","4.4674458291418","4.4674458291418","168","168","168","","","","","","","","","","","","","","","","","",""
"5840","4.5528180170300985","4.5528180170300985","4.5528180170300985","170","170","170","","","","","","","","","","","","","","","","","",""
"5850","4.655482303738988","4.655482303738988","4.655482303738988","172","172","172","","","","","","","","","","","","","","","","","",""
"5860","4.539814752763663","4.539814752763663","4.539814752763663","174","174","174","","","","","","","","","","","","","","","","","",""
"5870","4.529857094864827","4.529857094864827","4.529857094864827","176","176","176","","","","","","","","","","","","","","","","","",""
"5880","4.529828201779482","4.529828201779482","4.529828201779482","178","178","178","","","","","","","","","","","","","","","","","",""
"5890","4.479416922330818","4.479416922330818","4.479416922330818","180","180","180","","","","","","","","","","","","","","","","","",""
"5900","4.509291547060773","4.509291547060773","4.509291547060773","182","182","182","","","","","","","","","","","","","","","","","",""
"5910","4.612434908641906","4.612434908641906","4.612434908641906","184","184","184","","","","","","","","","","","","","","","","","",""
"5920","4.557213893586152","4.557213893586152","4.557213893586152","186","186","186","","","","","","","","","","","","","","","","","",""
"5930","4.47111937856423","4.47111937856423","4.47111937856423","188","188","188","","","","","","","","","","","","","","","","","",""
"5940","4.557786251848223","4.557786251848223","4.557786251848223","190","190","190","","","","","","","","","","","","","","","","","",""
"5950","4.5678581062272325","4.5678581062272325","4.5678581062272325","192","192","192","","","","","","","","","","","","","","","","","",""
"5960","4.50613146904076","4.50613146904076","4.50613146904076","194","194","194","","","","","","","","","","","","","","","","","",""
"5970","4.4603078612003895","4.4603078612003895","4.4603078612003895","196","196","196","","","","","","","","","","","","","","","","","",""
"5980","4.483539828023421","4.483539828023421","4.483539828023421","198","198","198","","","","","","","","","","","","","","","","","",""
"5990","4.5023742672569504","4.5023742672569504","4.5023742672569504","200","200","200","","","","","","","","","","","","","","","","","",""
"6000","0","0","0","203","203","203","","","","","","","","","","","","","","","","","",""
"6010","4.617034687828823","4.617034687828823","4.617034687828823","205","205","205","","","","","","","","","","","","","","","","","",""
"6020","4.554926111571314","4.554926111571314","4.554926111571314","207","207","207","","","","","","","","","","","","","","","","","",""
"6030","4.5444035250609245","4.5444035250609245","4.5444035250609245","209","209","209","","","","","","","","","","","","","","","","","",""
"6040","4.61829387600538","4.61829387600538","4.61829387600538","211","211","211","","","","","","","","","","","","","","","","","",""
"6050","4.572741863167253","4.572741863167253","4.572741863167253","213","213","213","","","","","","","","","","","","","","","","","",""
"6060","4.524047658504802","4.524047658504802","4.524047658504802","215","215","215","","","","","","","","","","","","","","","","","",""
"6070","4.440605253545305","4.440605253545305","4.440605253545305","217","217","217","","","","","","","","","","","","","","","","","",""
"6080","4.544273643762993","4.544273643762993","4.544273643762993","219","219","219","","","","","","","","","","","","","","","","","",""
"6090","4.48411163594101","4.48411163594101","4.48411163594101","221","221","221","","","","","","","","","","","","","","","","","",""
"6100","4.42989224784388","4.42989224784388","4.42989224784388","223","223","223","","","","","","","","","","","","","","","","","",""
"6110","4.485792938335845","4.485792938335845","4.485792938335845","225","225","225","","","","","","","","","","","","","","","","","",""
"6120","4.620639444190908","4.620639444190908","4.620639444190908","227","227","227","","","","","","","","","","","","","","","","","",""
"6130","4.4880028466063715","4.4880028466063715","4.4880028466063715","229","229","229","","","","","","","","","","","","","","","","","",""
"6140","4.505666427952827","4.505666427952827","4.505666427952827","231","231","231","","","","","","","","","","","","","","","","","",""
"6150","4.562026931260138","4.562026931260138","4.562026931260138","233","233","233","","","","","","","","","","","","","","","","","",""
"6160","4.524620016766874","4.524620016766874","4.524620016766874","235","235","235","","","","","","","","","","","","","","","","","",""
"6170","4.520544715872028","4.520544715872028","4.520544715872028","237","237","237","","","","","","","","","","","","","","","","","",""
"6180","4.569385036994652","4.569385036994652","4.569385036994652","239","239","239","","","","","","","","","","","","","","","","","",""
"6190","4.490449403004486","4.490449403004486","4.490449403004486","241","241","241","","","","","","","","","","","","","","","","","",""
"6200","4.450257470256209","4.450257470256209","4.450257470256209","243","243","243","","","","","","","","","","","","","","","","","",""
"6210","4.443938139732906","4.443938139732906","4.443938139732906","245","245","245","","","","","","","","","","","","","","","","","",""
"6220","4.556521285054597","4.556521285054597","4.556521285054597","247","247","247","","","","","","","","","","","","","","","","","",""
"6230","4.64191631223893","4.64191631223893","4.64191631223893","249","249","249","","","","","","","","","","","","","","","","","",""
"6240","4.593164871750272","4.593164871750272","4.593164871750272","251","251","251","","","","","","","","","","","","","","","","","",""
"6250","4.5968188839435635","4.5968188839435635","4.5968188839435635","253","253","253","","","","","","","","","","","","","","","","","",""
"6260","4.461182358583497","4.461182358583497","4.461182358583497","255","255","255","","","","","","","","","","","","","","","","","",""
"6270","4.621873316521257","4.621873316521257","4.621873316521257","257","257","257","","","","","","","","","","","","","","","","","",""
"6280","4.591415051467333","4.591415051467333","4.591415051467333","259","259","259","","","","","","","","","","","","","","","","","",""
"6290","4.5455320064228255","4.5455320064228255","4.5455320064228255","261","261","261","","","","","","","","","","","","","","","","","",""
"6300","4.495342515800713","4.495342515800713","4.495342515800713","263","263","263","","","","","","","","","","","","","","","","","",""
"6310","4.530511729627071","4.530511729627071","4.530511729627071","265","265","265","","","","","","","","","","","","","","","","","",""
"6320","4.545461562329032","4.545461562329032","4.545461562329032","267","267","267","","","","","","","","","","","","","","","","","",""
"6330","4.5592108185418505","4.5592108185418505","4.5592108185418505","269","269","269","","","","","","","","","","","","","","","","","",""
"6340","4.530548327535175","4.530548327535175","4.530548327535175","271","271","271","","","","","","","","","","","","","","","","","",""
"6350","4.43858108653771","4.43858108653771","4.43858108653771","273","273","273","","","","","","","","","","","","","","","","","",""
"6360","4.522724080023762","4.522724080023762","4.522724080023762","275","275","275","","","","","","","","","","","","","","","","","",""